_unit_id,_unit_state,_trusted_judgments,_last_judgment_at,fun,fun:confidence,brand,consumer_official,fun_gold,fun_prob,image_name,image_url,original_image_location,prefix,rand,top_middle_bottom
2404043881,finalized,20,7/31/2019 20:30:42,yes,0.9043,ralphlauren,user,,0.500129,1251786557016454481_248976228.jpg,https://brandperception.s3.amazonaws.com/imagenet_eval_top50_middle50_bottom50/fun/middle50/1251786557016454481_248976228.jpg,user/ralphlauren/1251786557016454481_248976228.jpg,https://brandperception.s3.amazonaws.com/imagenet_eval_top50_middle50_bottom50/fun/middle50/10311083_576436042467495_1174114542_n.jpg,0.002128872019807937,middle50
2404043882,finalized,20,7/31/2019 20:01:58,yes,1.0,budweiser,official,,0.993056,10576151_797937836894059_1106431855_n.jpg,https://brandperception.s3.amazonaws.com/imagenet_eval_top50_middle50_bottom50/fun/top50/10576151_797937836894059_1106431855_n.jpg,official/budweiser/10576151_797937836894059_1106431855_n.jpg,https://brandperception.s3.amazonaws.com/imagenet_eval_top50_middle50_bottom50/fun/,0.013003263728067038,top50
2404043883,finalized,20,7/31/2019 20:01:58,no,0.9142,vitaminwater,user,,0.00021,1216589913219546513_30289494.jpg,https://brandperception.s3.amazonaws.com/imagenet_eval_top50_middle50_bottom50/fun/bottom50/1216589913219546513_30289494.jpg,user/vitaminwater/1216589913219546513_30289494.jpg,https://brandperception.s3.amazonaws.com/imagenet_eval_top50_middle50_bottom50/fun/,0.01704421331480188,bottom50
2404043884,finalized,20,7/31/2019 20:17:15,yes,0.7553,urbanoutfitters,official,,0.988166,11176118_673330349480360_1005835895_n.jpg,https://brandperception.s3.amazonaws.com/imagenet_eval_top50_middle50_bottom50/fun/top50/11176118_673330349480360_1005835895_n.jpg,official/urbanoutfitters/11176118_673330349480360_1005835895_n.jpg,https://brandperception.s3.amazonaws.com/imagenet_eval_top50_middle50_bottom50/fun/,0.022357654283453487,top50
2404043885,finalized,20,7/31/2019 20:14:32,no,0.8249,drpepper,user,,0.000157,1244383243524608255_195273811.jpg,https://brandperception.s3.amazonaws.com/imagenet_eval_top50_middle50_bottom50/fun/bottom50/1244383243524608255_195273811.jpg,user/drpepper/1244383243524608255_195273811.jpg,https://brandperception.s3.amazonaws.com/imagenet_eval_top50_middle50_bottom50/fun/,0.02784265230037486,bottom50
2404043886,finalized,20,7/31/2019 20:17:15,no,0.5097,nesquik,user,,0.499818,1248668681693999788_359465427.jpg,https://brandperception.s3.amazonaws.com/imagenet_eval_top50_middle50_bottom50/fun/middle50/1248668681693999788_359465427.jpg,user/nesquik/1248668681693999788_359465427.jpg,https://brandperception.s3.amazonaws.com/imagenet_eval_top50_middle50_bottom50/fun/,0.03275198178772909,middle50
2404043887,finalized,20,7/31/2019 20:05:50,yes,0.9109,vitaminwater,official,,0.985194,11205731_1427178667599350_1109031667_n.jpg,https://brandperception.s3.amazonaws.com/imagenet_eval_top50_middle50_bottom50/fun/top50/11205731_1427178667599350_1109031667_n.jpg,official/vitaminwater/11205731_1427178667599350_1109031667_n.jpg,https://brandperception.s3.amazonaws.com/imagenet_eval_top50_middle50_bottom50/fun/,0.04166618661056809,top50
2404043888,finalized,20,7/31/2019 20:17:59,no,0.8651,drpepper,user,,0.000168,1240080644767879862_1515078715.jpg,https://brandperception.s3.amazonaws.com/imagenet_eval_top50_middle50_bottom50/fun/bottom50/1240080644767879862_1515078715.jpg,user/drpepper/1240080644767879862_1515078715.jpg,https://brandperception.s3.amazonaws.com/imagenet_eval_top50_middle50_bottom50/fun/,0.05805816858414903,bottom50
2404043889,finalized,20,7/31/2019 20:01:58,no,0.9077,levis,official,,0.000133,11201792_977672708930023_2005279887_n.jpg,https://brandperception.s3.amazonaws.com/imagenet_eval_top50_middle50_bottom50/fun/bottom50/11201792_977672708930023_2005279887_n.jpg,official/levis/11201792_977672708930023_2005279887_n.jpg,https://brandperception.s3.amazonaws.com/imagenet_eval_top50_middle50_bottom50/fun/,0.06640843599508262,bottom50
2404043890,finalized,20,7/31/2019 20:18:02,no,0.6619,nesquik,user,,0.500171,1242158635802504179_606688145.jpg,https://brandperception.s3.amazonaws.com/imagenet_eval_top50_middle50_bottom50/fun/middle50/1242158635802504179_606688145.jpg,user/nesquik/1242158635802504179_606688145.jpg,https://brandperception.s3.amazonaws.com/imagenet_eval_top50_middle50_bottom50/fun/,0.06669444890576515,middle50
2404043891,finalized,20,7/31/2019 20:21:28,no,0.9161,drpepper,official,,0.000156,11351957_365173703673355_486256626_n.jpg,https://brandperception.s3.amazonaws.com/imagenet_eval_top50_middle50_bottom50/fun/bottom50/11351957_365173703673355_486256626_n.jpg,official/drpepper/11351957_365173703673355_486256626_n.jpg,https://brandperception.s3.amazonaws.com/imagenet_eval_top50_middle50_bottom50/fun/,0.07799890781353336,bottom50
2404043892,finalized,20,7/31/2019 20:23:39,yes,0.8065,anntaylor,official,,0.988189,11296791_1584018088519297_2075109245_n.jpg,https://brandperception.s3.amazonaws.com/imagenet_eval_top50_middle50_bottom50/fun/top50/11296791_1584018088519297_2075109245_n.jpg,official/anntaylor/11296791_1584018088519297_2075109245_n.jpg,https://brandperception.s3.amazonaws.com/imagenet_eval_top50_middle50_bottom50/fun/,0.08889414920675465,top50
2404043893,finalized,20,7/31/2019 20:17:15,yes,0.9637,levis,official,,0.987262,11252890_1601997143375298_21503209_n.jpg,https://brandperception.s3.amazonaws.com/imagenet_eval_top50_middle50_bottom50/fun/top50/11252890_1601997143375298_21503209_n.jpg,official/levis/11252890_1601997143375298_21503209_n.jpg,https://brandperception.s3.amazonaws.com/imagenet_eval_top50_middle50_bottom50/fun/,0.09120435695027718,top50
2404043894,finalized,20,7/31/2019 20:30:42,yes,0.8629,urbanoutfitters,official,,0.997998,11252675_1571210983157900_1895168595_n.jpg,https://brandperception.s3.amazonaws.com/imagenet_eval_top50_middle50_bottom50/fun/top50/11252675_1571210983157900_1895168595_n.jpg,official/urbanoutfitters/11252675_1571210983157900_1895168595_n.jpg,https://brandperception.s3.amazonaws.com/imagenet_eval_top50_middle50_bottom50/fun/,0.0943162110926784,top50
2404043895,finalized,20,7/31/2019 20:05:50,no,0.8642,llbean,official,,9.4e-05,12940118_1680869942162617_213214106_n.jpg,https://brandperception.s3.amazonaws.com/imagenet_eval_top50_middle50_bottom50/fun/bottom50/12940118_1680869942162617_213214106_n.jpg,official/llbean/12940118_1680869942162617_213214106_n.jpg,https://brandperception.s3.amazonaws.com/imagenet_eval_top50_middle50_bottom50/fun/,0.10337441021508764,bottom50
2404043896,finalized,20,7/31/2019 20:30:42,yes,0.6943,vitaminwater,official,,0.989014,11199621_816794258405300_821662334_n.jpg,https://brandperception.s3.amazonaws.com/imagenet_eval_top50_middle50_bottom50/fun/top50/11199621_816794258405300_821662334_n.jpg,official/vitaminwater/11199621_816794258405300_821662334_n.jpg,https://brandperception.s3.amazonaws.com/imagenet_eval_top50_middle50_bottom50/fun/,0.10483877401631403,top50
2404043897,finalized,20,7/31/2019 20:23:39,no,0.9073,gucci,official,,0.499801,13725707_935241283269228_977980979_n.jpg,https://brandperception.s3.amazonaws.com/imagenet_eval_top50_middle50_bottom50/fun/middle50/13725707_935241283269228_977980979_n.jpg,official/gucci/13725707_935241283269228_977980979_n.jpg,https://brandperception.s3.amazonaws.com/imagenet_eval_top50_middle50_bottom50/fun/,0.10838259417948037,middle50
2404043898,finalized,20,7/31/2019 20:14:19,yes,0.8933,monsterenergy,user,,0.991322,1241317716858981647_2008589562.jpg,https://brandperception.s3.amazonaws.com/imagenet_eval_top50_middle50_bottom50/fun/top50/1241317716858981647_2008589562.jpg,user/monsterenergy/1241317716858981647_2008589562.jpg,https://brandperception.s3.amazonaws.com/imagenet_eval_top50_middle50_bottom50/fun/,0.11309727020254723,top50
2404043899,finalized,20,7/31/2019 20:21:28,yes,0.5569,eddiebauer,official,,0.499826,11351534_742626645867600_36085909_n.jpg,https://brandperception.s3.amazonaws.com/imagenet_eval_top50_middle50_bottom50/fun/middle50/11351534_742626645867600_36085909_n.jpg,official/eddiebauer/11351534_742626645867600_36085909_n.jpg,https://brandperception.s3.amazonaws.com/imagenet_eval_top50_middle50_bottom50/fun/,0.12022736914498289,middle50
2404043900,finalized,20,7/31/2019 20:14:32,no,0.9118,sanpellegrino,user,,5.2e-05,1234688424650629263_36236431.jpg,https://brandperception.s3.amazonaws.com/imagenet_eval_top50_middle50_bottom50/fun/bottom50/1234688424650629263_36236431.jpg,user/sanpellegrino/1234688424650629263_36236431.jpg,https://brandperception.s3.amazonaws.com/imagenet_eval_top50_middle50_bottom50/fun/,0.13142017229036396,bottom50
2404043901,finalized,20,7/31/2019 20:18:02,yes,0.747,urbanoutfitters,official,,0.991511,11203403_402314673283844_2145577492_n.jpg,https://brandperception.s3.amazonaws.com/imagenet_eval_top50_middle50_bottom50/fun/top50/11203403_402314673283844_2145577492_n.jpg,official/urbanoutfitters/11203403_402314673283844_2145577492_n.jpg,https://brandperception.s3.amazonaws.com/imagenet_eval_top50_middle50_bottom50/fun/,0.1419509466424027,top50
2404043902,finalized,20,7/31/2019 20:01:58,no,0.8682,minutemaid,user,,4.3e-05,1177750484499609918_2211852349.jpg,https://brandperception.s3.amazonaws.com/imagenet_eval_top50_middle50_bottom50/fun/bottom50/1177750484499609918_2211852349.jpg,user/minutemaid/1177750484499609918_2211852349.jpg,https://brandperception.s3.amazonaws.com/imagenet_eval_top50_middle50_bottom50/fun/,0.14344313424697686,bottom50
2404043903,finalized,20,7/31/2019 20:21:28,no,0.9641,honesttea,user,,0.000143,1228957292536353877_2542364180.jpg,https://brandperception.s3.amazonaws.com/imagenet_eval_top50_middle50_bottom50/fun/bottom50/1228957292536353877_2542364180.jpg,user/honesttea/1228957292536353877_2542364180.jpg,https://brandperception.s3.amazonaws.com/imagenet_eval_top50_middle50_bottom50/fun/,0.14404827922016938,bottom50
2404043904,finalized,20,7/31/2019 20:17:15,no,0.906,coorslight,user,,0.000219,1239452115487372293_1461363788.jpg,https://brandperception.s3.amazonaws.com/imagenet_eval_top50_middle50_bottom50/fun/bottom50/1239452115487372293_1461363788.jpg,user/coorslight/1239452115487372293_1461363788.jpg,https://brandperception.s3.amazonaws.com/imagenet_eval_top50_middle50_bottom50/fun/,0.16146108298426576,bottom50
2404043905,finalized,20,7/31/2019 20:05:50,yes,0.9144,domperignon,user,,0.990487,1242535592381165644_266587603.jpg,https://brandperception.s3.amazonaws.com/imagenet_eval_top50_middle50_bottom50/fun/top50/1242535592381165644_266587603.jpg,user/domperignon/1242535592381165644_266587603.jpg,https://brandperception.s3.amazonaws.com/imagenet_eval_top50_middle50_bottom50/fun/,0.1726582779630882,top50
2404043906,finalized,20,7/31/2019 20:01:58,no,0.8219,drpepper,user,,0.000119,1241997469411304232_185533191.jpg,https://brandperception.s3.amazonaws.com/imagenet_eval_top50_middle50_bottom50/fun/bottom50/1241997469411304232_185533191.jpg,user/drpepper/1241997469411304232_185533191.jpg,https://brandperception.s3.amazonaws.com/imagenet_eval_top50_middle50_bottom50/fun/,0.17726978818855055,bottom50
2404043907,finalized,20,7/31/2019 20:17:15,no,0.9186,motts,user,,1.5e-05,1063804712109248842_1493962595.jpg,https://brandperception.s3.amazonaws.com/imagenet_eval_top50_middle50_bottom50/fun/bottom50/1063804712109248842_1493962595.jpg,user/motts/1063804712109248842_1493962595.jpg,https://brandperception.s3.amazonaws.com/imagenet_eval_top50_middle50_bottom50/fun/,0.1782737167060241,bottom50
2404043908,finalized,20,7/31/2019 20:12:29,no,0.8153,swissmiss,user,,0.000161,1209931371689932086_48762940.jpg,https://brandperception.s3.amazonaws.com/imagenet_eval_top50_middle50_bottom50/fun/bottom50/1209931371689932086_48762940.jpg,user/swissmiss/1209931371689932086_48762940.jpg,https://brandperception.s3.amazonaws.com/imagenet_eval_top50_middle50_bottom50/fun/,0.18098067559707487,bottom50
2404043909,finalized,20,7/31/2019 20:46:52,no,0.5176,corona,user,,0.500162,1241587907991477533_1479989134.jpg,https://brandperception.s3.amazonaws.com/imagenet_eval_top50_middle50_bottom50/fun/middle50/1241587907991477533_1479989134.jpg,user/corona/1241587907991477533_1479989134.jpg,https://brandperception.s3.amazonaws.com/imagenet_eval_top50_middle50_bottom50/fun/,0.18742973857756584,middle50
2404043910,finalized,20,7/31/2019 20:14:19,no,1.0,sanpellegrino,user,,3.0e-05,1244884820505630155_2190950228.jpg,https://brandperception.s3.amazonaws.com/imagenet_eval_top50_middle50_bottom50/fun/bottom50/1244884820505630155_2190950228.jpg,user/sanpellegrino/1244884820505630155_2190950228.jpg,https://brandperception.s3.amazonaws.com/imagenet_eval_top50_middle50_bottom50/fun/,0.19615487946879528,bottom50
2404043911,finalized,20,7/31/2019 20:30:42,yes,0.9114,urbanoutfitters,official,,0.992457,11377847_728710750585292_1071372234_n.jpg,https://brandperception.s3.amazonaws.com/imagenet_eval_top50_middle50_bottom50/fun/top50/11377847_728710750585292_1071372234_n.jpg,official/urbanoutfitters/11377847_728710750585292_1071372234_n.jpg,https://brandperception.s3.amazonaws.com/imagenet_eval_top50_middle50_bottom50/fun/,0.22134306706923346,top50
2404043912,finalized,20,7/31/2019 20:23:39,no,0.8714,underarmour,user,,5.6e-05,1242893887920713951_2542460299.jpg,https://brandperception.s3.amazonaws.com/imagenet_eval_top50_middle50_bottom50/fun/bottom50/1242893887920713951_2542460299.jpg,user/underarmour/1242893887920713951_2542460299.jpg,https://brandperception.s3.amazonaws.com/imagenet_eval_top50_middle50_bottom50/fun/,0.2215045499320777,bottom50
2404043913,finalized,20,7/31/2019 20:17:59,yes,0.6612,guess,official,,0.988548,11280171_1456635977980405_1952107653_n.jpg,https://brandperception.s3.amazonaws.com/imagenet_eval_top50_middle50_bottom50/fun/top50/11280171_1456635977980405_1952107653_n.jpg,official/guess/11280171_1456635977980405_1952107653_n.jpg,https://brandperception.s3.amazonaws.com/imagenet_eval_top50_middle50_bottom50/fun/,0.22257707490084422,top50
2404043914,finalized,20,7/31/2019 20:30:42,no,0.7598,gucci,official,,0.499879,12141984_1639885546266925_174798057_n.jpg,https://brandperception.s3.amazonaws.com/imagenet_eval_top50_middle50_bottom50/fun/middle50/12141984_1639885546266925_174798057_n.jpg,official/gucci/12141984_1639885546266925_174798057_n.jpg,https://brandperception.s3.amazonaws.com/imagenet_eval_top50_middle50_bottom50/fun/,0.23095799436799624,middle50
2404043915,finalized,20,7/31/2019 20:21:28,no,0.9641,sanpellegrino_official,official,,7.0e-05,10724747_1492933770966246_530289731_n.jpg,https://brandperception.s3.amazonaws.com/imagenet_eval_top50_middle50_bottom50/fun/bottom50/10724747_1492933770966246_530289731_n.jpg,official/sanpellegrino_official/10724747_1492933770966246_530289731_n.jpg,https://brandperception.s3.amazonaws.com/imagenet_eval_top50_middle50_bottom50/fun/,0.2386691278916241,bottom50
2404043916,finalized,20,7/31/2019 20:14:19,yes,0.9518,dolcegabbana,official,,0.991636,11193005_1443320195979528_314389737_n.jpg,https://brandperception.s3.amazonaws.com/imagenet_eval_top50_middle50_bottom50/fun/top50/11193005_1443320195979528_314389737_n.jpg,official/dolcegabbana/11193005_1443320195979528_314389737_n.jpg,https://brandperception.s3.amazonaws.com/imagenet_eval_top50_middle50_bottom50/fun/,0.24120040254366482,top50
2404043917,finalized,20,7/31/2019 20:14:19,no,0.8291,drpepper,user,,0.499799,1242812528946892321_1097264658.jpg,https://brandperception.s3.amazonaws.com/imagenet_eval_top50_middle50_bottom50/fun/middle50/1242812528946892321_1097264658.jpg,user/drpepper/1242812528946892321_1097264658.jpg,https://brandperception.s3.amazonaws.com/imagenet_eval_top50_middle50_bottom50/fun/,0.24756816098336643,middle50
2404043918,finalized,20,7/31/2019 20:14:32,yes,0.947,vitaminwater,official,,0.987775,11184441_419039821612408_14672086_n.jpg,https://brandperception.s3.amazonaws.com/imagenet_eval_top50_middle50_bottom50/fun/top50/11184441_419039821612408_14672086_n.jpg,official/vitaminwater/11184441_419039821612408_14672086_n.jpg,https://brandperception.s3.amazonaws.com/imagenet_eval_top50_middle50_bottom50/fun/,0.2504618511487574,top50
2404043919,finalized,20,7/31/2019 20:14:32,yes,1.0,urbanoutfitters,official,,0.997607,1209657_683650048322238_2046619259_n.jpg,https://brandperception.s3.amazonaws.com/imagenet_eval_top50_middle50_bottom50/fun/top50/1209657_683650048322238_2046619259_n.jpg,official/urbanoutfitters/1209657_683650048322238_2046619259_n.jpg,https://brandperception.s3.amazonaws.com/imagenet_eval_top50_middle50_bottom50/fun/,0.257472284138781,top50
2404043920,finalized,20,7/31/2019 20:01:58,yes,0.907,urbanoutfitters,official,,0.986572,11192636_539423309530015_822104646_n.jpg,https://brandperception.s3.amazonaws.com/imagenet_eval_top50_middle50_bottom50/fun/top50/11192636_539423309530015_822104646_n.jpg,official/urbanoutfitters/11192636_539423309530015_822104646_n.jpg,https://brandperception.s3.amazonaws.com/imagenet_eval_top50_middle50_bottom50/fun/,0.25963869967184405,top50
2404043921,finalized,20,7/31/2019 20:23:39,yes,0.8996,urbanoutfitters,official,,0.993904,11324412_808491602580664_585932741_n.jpg,https://brandperception.s3.amazonaws.com/imagenet_eval_top50_middle50_bottom50/fun/top50/11324412_808491602580664_585932741_n.jpg,official/urbanoutfitters/11324412_808491602580664_585932741_n.jpg,https://brandperception.s3.amazonaws.com/imagenet_eval_top50_middle50_bottom50/fun/,0.2607353593090115,top50
2404043922,finalized,20,7/31/2019 20:23:39,no,0.9535,llbean,user,,0.000158,1244384973514562810_203457774.jpg,https://brandperception.s3.amazonaws.com/imagenet_eval_top50_middle50_bottom50/fun/bottom50/1244384973514562810_203457774.jpg,user/llbean/1244384973514562810_203457774.jpg,https://brandperception.s3.amazonaws.com/imagenet_eval_top50_middle50_bottom50/fun/,0.2679080676860356,bottom50
2404043923,finalized,20,7/31/2019 20:17:59,yes,0.6952,gap,official,,0.98997,11190215_1615645261981532_1548704186_n.jpg,https://brandperception.s3.amazonaws.com/imagenet_eval_top50_middle50_bottom50/fun/top50/11190215_1615645261981532_1548704186_n.jpg,official/gap/11190215_1615645261981532_1548704186_n.jpg,https://brandperception.s3.amazonaws.com/imagenet_eval_top50_middle50_bottom50/fun/,0.26823461070966337,top50
2404043924,finalized,20,7/31/2019 20:14:32,yes,0.9565,jackdaniels_us,official,,0.987473,11266017_786932388051609_370842221_n.jpg,https://brandperception.s3.amazonaws.com/imagenet_eval_top50_middle50_bottom50/fun/top50/11266017_786932388051609_370842221_n.jpg,official/jackdaniels_us/11266017_786932388051609_370842221_n.jpg,https://brandperception.s3.amazonaws.com/imagenet_eval_top50_middle50_bottom50/fun/,0.2735571643304239,top50
2404043925,finalized,20,7/31/2019 20:14:32,yes,0.8084,monsterenergy,user,,0.98301,1242206410963956910_560048596.jpg,https://brandperception.s3.amazonaws.com/imagenet_eval_top50_middle50_bottom50/fun/top50/1242206410963956910_560048596.jpg,user/monsterenergy/1242206410963956910_560048596.jpg,https://brandperception.s3.amazonaws.com/imagenet_eval_top50_middle50_bottom50/fun/,0.28158339896475204,top50
2404043926,finalized,20,7/31/2019 20:14:32,yes,0.9114,vitaminwater,official,,0.99855,11205736_466879853463821_743907482_n.jpg,https://brandperception.s3.amazonaws.com/imagenet_eval_top50_middle50_bottom50/fun/top50/11205736_466879853463821_743907482_n.jpg,official/vitaminwater/11205736_466879853463821_743907482_n.jpg,https://brandperception.s3.amazonaws.com/imagenet_eval_top50_middle50_bottom50/fun/,0.2918685611852544,top50
2404043927,finalized,20,7/31/2019 20:14:19,yes,0.8481,urbanoutfitters,official,,0.991728,10549593_283939868444245_668845500_n.jpg,https://brandperception.s3.amazonaws.com/imagenet_eval_top50_middle50_bottom50/fun/top50/10549593_283939868444245_668845500_n.jpg,official/urbanoutfitters/10549593_283939868444245_668845500_n.jpg,https://brandperception.s3.amazonaws.com/imagenet_eval_top50_middle50_bottom50/fun/,0.3048900510558179,top50
2404043928,finalized,20,7/31/2019 20:23:39,yes,0.6434,gatorade,user,,0.499871,1235128147228136706_242056956.jpg,https://brandperception.s3.amazonaws.com/imagenet_eval_top50_middle50_bottom50/fun/middle50/1235128147228136706_242056956.jpg,user/gatorade/1235128147228136706_242056956.jpg,https://brandperception.s3.amazonaws.com/imagenet_eval_top50_middle50_bottom50/fun/,0.3063779111897874,middle50
2404043929,finalized,20,7/31/2019 20:30:42,no,0.8655,cocacola,user,,0.500188,1244929329933957080_3181022924.jpg,https://brandperception.s3.amazonaws.com/imagenet_eval_top50_middle50_bottom50/fun/middle50/1244929329933957080_3181022924.jpg,user/cocacola/1244929329933957080_3181022924.jpg,https://brandperception.s3.amazonaws.com/imagenet_eval_top50_middle50_bottom50/fun/,0.3263198226999071,middle50
2404043930,finalized,20,7/31/2019 20:17:15,no,0.8446,drpepper,official,,0.500008,11267568_1649080081977197_196421426_n.jpg,https://brandperception.s3.amazonaws.com/imagenet_eval_top50_middle50_bottom50/fun/middle50/11267568_1649080081977197_196421426_n.jpg,official/drpepper/11267568_1649080081977197_196421426_n.jpg,https://brandperception.s3.amazonaws.com/imagenet_eval_top50_middle50_bottom50/fun/,0.3310937813559246,middle50
2404043931,finalized,20,7/31/2019 20:18:02,yes,0.8034,vitaminwater,official,,0.983586,11202508_1574671286137527_1908350510_n.jpg,https://brandperception.s3.amazonaws.com/imagenet_eval_top50_middle50_bottom50/fun/top50/11202508_1574671286137527_1908350510_n.jpg,official/vitaminwater/11202508_1574671286137527_1908350510_n.jpg,https://brandperception.s3.amazonaws.com/imagenet_eval_top50_middle50_bottom50/fun/,0.3500786244783439,top50
2404043932,finalized,20,7/31/2019 20:46:52,no,0.8114,gap,official,,0.49987,11192889_463664543786482_626225212_n.jpg,https://brandperception.s3.amazonaws.com/imagenet_eval_top50_middle50_bottom50/fun/middle50/11192889_463664543786482_626225212_n.jpg,official/gap/11192889_463664543786482_626225212_n.jpg,https://brandperception.s3.amazonaws.com/imagenet_eval_top50_middle50_bottom50/fun/,0.3521065687937217,middle50
2404043933,finalized,20,7/31/2019 20:01:58,no,0.9077,eddiebauer,official,,0.000138,10547305_468597296644525_314987875_n.jpg,https://brandperception.s3.amazonaws.com/imagenet_eval_top50_middle50_bottom50/fun/bottom50/10547305_468597296644525_314987875_n.jpg,official/eddiebauer/10547305_468597296644525_314987875_n.jpg,https://brandperception.s3.amazonaws.com/imagenet_eval_top50_middle50_bottom50/fun/,0.36311820847316467,bottom50
2404043934,finalized,20,7/31/2019 20:30:42,no,0.7341,victoriassecret,official,,0.500027,13249773_606520166178596_2055781964_n.jpg,https://brandperception.s3.amazonaws.com/imagenet_eval_top50_middle50_bottom50/fun/middle50/13249773_606520166178596_2055781964_n.jpg,official/victoriassecret/13249773_606520166178596_2055781964_n.jpg,https://brandperception.s3.amazonaws.com/imagenet_eval_top50_middle50_bottom50/fun/,0.37824585271140954,middle50
2404043935,finalized,20,7/31/2019 20:46:52,yes,0.9502,motts,user,,0.499958,1244894524778783551_259839391.jpg,https://brandperception.s3.amazonaws.com/imagenet_eval_top50_middle50_bottom50/fun/middle50/1244894524778783551_259839391.jpg,user/motts/1244894524778783551_259839391.jpg,https://brandperception.s3.amazonaws.com/imagenet_eval_top50_middle50_bottom50/fun/,0.384072465965858,middle50
2404043936,finalized,20,7/31/2019 20:12:29,yes,0.8627,dolcegabbana,official,,0.988673,13397621_602079979965754_2110893475_n.jpg,https://brandperception.s3.amazonaws.com/imagenet_eval_top50_middle50_bottom50/fun/top50/13397621_602079979965754_2110893475_n.jpg,official/dolcegabbana/13397621_602079979965754_2110893475_n.jpg,https://brandperception.s3.amazonaws.com/imagenet_eval_top50_middle50_bottom50/fun/,0.39279842556723443,top50
2404043937,finalized,20,7/31/2019 20:14:19,yes,0.8491,vitaminwater,official,,0.992412,11190968_107614372902946_389674572_n.jpg,https://brandperception.s3.amazonaws.com/imagenet_eval_top50_middle50_bottom50/fun/top50/11190968_107614372902946_389674572_n.jpg,official/vitaminwater/11190968_107614372902946_389674572_n.jpg,https://brandperception.s3.amazonaws.com/imagenet_eval_top50_middle50_bottom50/fun/,0.3928611227414278,top50
2404043938,finalized,20,7/31/2019 20:21:28,no,0.9641,welchs,user,,0.000152,1127583188506515471_1319452181.jpg,https://brandperception.s3.amazonaws.com/imagenet_eval_top50_middle50_bottom50/fun/bottom50/1127583188506515471_1319452181.jpg,user/welchs/1127583188506515471_1319452181.jpg,https://brandperception.s3.amazonaws.com/imagenet_eval_top50_middle50_bottom50/fun/,0.4051080236947576,bottom50
2404043939,finalized,20,7/31/2019 20:05:50,no,0.8203,cocacola,user,,0.000174,1244767784503594703_577138058.jpg,https://brandperception.s3.amazonaws.com/imagenet_eval_top50_middle50_bottom50/fun/bottom50/1244767784503594703_577138058.jpg,user/cocacola/1244767784503594703_577138058.jpg,https://brandperception.s3.amazonaws.com/imagenet_eval_top50_middle50_bottom50/fun/,0.4191738926780334,bottom50
2404043940,finalized,20,7/31/2019 20:30:42,yes,0.9529,domperignon,user,,0.987157,1240774294917763072_1430285147.jpg,https://brandperception.s3.amazonaws.com/imagenet_eval_top50_middle50_bottom50/fun/top50/1240774294917763072_1430285147.jpg,user/domperignon/1240774294917763072_1430285147.jpg,https://brandperception.s3.amazonaws.com/imagenet_eval_top50_middle50_bottom50/fun/,0.42814684988356266,top50
2404043941,finalized,20,7/31/2019 20:21:28,yes,0.8987,budweiser,official,,0.99539,10507945_657861927622201_1750652836_n.jpg,https://brandperception.s3.amazonaws.com/imagenet_eval_top50_middle50_bottom50/fun/top50/10507945_657861927622201_1750652836_n.jpg,official/budweiser/10507945_657861927622201_1750652836_n.jpg,https://brandperception.s3.amazonaws.com/imagenet_eval_top50_middle50_bottom50/fun/,0.4337802794711003,top50
2404043942,finalized,20,7/31/2019 20:21:28,yes,0.808,hollisterco,official,,0.992343,11230495_426617187510425_2079228321_n.jpg,https://brandperception.s3.amazonaws.com/imagenet_eval_top50_middle50_bottom50/fun/top50/11230495_426617187510425_2079228321_n.jpg,official/hollisterco/11230495_426617187510425_2079228321_n.jpg,https://brandperception.s3.amazonaws.com/imagenet_eval_top50_middle50_bottom50/fun/,0.43556258516709934,top50
2404043943,finalized,20,7/31/2019 20:01:58,no,0.9586,cocacola,user,,7.5e-05,1244923971213165479_31355479.jpg,https://brandperception.s3.amazonaws.com/imagenet_eval_top50_middle50_bottom50/fun/bottom50/1244923971213165479_31355479.jpg,user/cocacola/1244923971213165479_31355479.jpg,https://brandperception.s3.amazonaws.com/imagenet_eval_top50_middle50_bottom50/fun/,0.4413249116850445,bottom50
2404043944,finalized,20,7/31/2019 20:14:19,yes,0.8126,budlight,user,,0.985893,1244670045485459868_1678468769.jpg,https://brandperception.s3.amazonaws.com/imagenet_eval_top50_middle50_bottom50/fun/top50/1244670045485459868_1678468769.jpg,user/budlight/1244670045485459868_1678468769.jpg,https://brandperception.s3.amazonaws.com/imagenet_eval_top50_middle50_bottom50/fun/,0.44484290866580456,top50
2404043945,finalized,20,7/31/2019 20:46:52,yes,0.6548,gatorade,official,,0.500143,11189173_1601997586712522_425626893_n.jpg,https://brandperception.s3.amazonaws.com/imagenet_eval_top50_middle50_bottom50/fun/middle50/11189173_1601997586712522_425626893_n.jpg,official/gatorade/11189173_1601997586712522_425626893_n.jpg,https://brandperception.s3.amazonaws.com/imagenet_eval_top50_middle50_bottom50/fun/,0.45024383400430634,middle50
2404043946,finalized,20,7/31/2019 20:01:58,yes,0.9572,vitaminwater,official,,0.993185,11357801_400056953519902_111335445_n.jpg,https://brandperception.s3.amazonaws.com/imagenet_eval_top50_middle50_bottom50/fun/top50/11357801_400056953519902_111335445_n.jpg,official/vitaminwater/11357801_400056953519902_111335445_n.jpg,https://brandperception.s3.amazonaws.com/imagenet_eval_top50_middle50_bottom50/fun/,0.4537680427241544,top50
2404043947,finalized,20,7/31/2019 20:14:19,no,0.7553,llbean,official,,8.6e-05,11373922_1618834618381832_1480929900_n.jpg,https://brandperception.s3.amazonaws.com/imagenet_eval_top50_middle50_bottom50/fun/bottom50/11373922_1618834618381832_1480929900_n.jpg,official/llbean/11373922_1618834618381832_1480929900_n.jpg,https://brandperception.s3.amazonaws.com/imagenet_eval_top50_middle50_bottom50/fun/,0.45914676580538727,bottom50
2404043948,finalized,20,7/31/2019 20:14:19,no,0.768,llbean,official,,7.6e-05,11330756_1608508136056298_1935208334_n.jpg,https://brandperception.s3.amazonaws.com/imagenet_eval_top50_middle50_bottom50/fun/bottom50/11330756_1608508136056298_1935208334_n.jpg,official/llbean/11330756_1608508136056298_1935208334_n.jpg,https://brandperception.s3.amazonaws.com/imagenet_eval_top50_middle50_bottom50/fun/,0.46928013997263796,bottom50
2404043949,finalized,20,7/31/2019 20:17:15,yes,0.7042,kennethcole,official,,0.997767,11098217_659419300830310_1255803697_n.jpg,https://brandperception.s3.amazonaws.com/imagenet_eval_top50_middle50_bottom50/fun/top50/11098217_659419300830310_1255803697_n.jpg,official/kennethcole/11098217_659419300830310_1255803697_n.jpg,https://brandperception.s3.amazonaws.com/imagenet_eval_top50_middle50_bottom50/fun/,0.46946508485271565,top50
2404043950,finalized,20,7/31/2019 20:21:28,no,0.6797,motts,user,,0.500217,948394413573287234_1527925010.jpg,https://brandperception.s3.amazonaws.com/imagenet_eval_top50_middle50_bottom50/fun/middle50/948394413573287234_1527925010.jpg,user/motts/948394413573287234_1527925010.jpg,https://brandperception.s3.amazonaws.com/imagenet_eval_top50_middle50_bottom50/fun/,0.47147926147077546,middle50
2404043951,finalized,20,7/31/2019 20:12:29,no,0.9165,honesttea,user,,0.000215,1150196860842711779_2308799901.jpg,https://brandperception.s3.amazonaws.com/imagenet_eval_top50_middle50_bottom50/fun/bottom50/1150196860842711779_2308799901.jpg,user/honesttea/1150196860842711779_2308799901.jpg,https://brandperception.s3.amazonaws.com/imagenet_eval_top50_middle50_bottom50/fun/,0.47517281616589435,bottom50
2404043952,finalized,20,7/31/2019 20:21:28,no,0.7024,kennethcole,official,,0.499915,11386491_1566594283602371_663049814_n.jpg,https://brandperception.s3.amazonaws.com/imagenet_eval_top50_middle50_bottom50/fun/middle50/11386491_1566594283602371_663049814_n.jpg,official/kennethcole/11386491_1566594283602371_663049814_n.jpg,https://brandperception.s3.amazonaws.com/imagenet_eval_top50_middle50_bottom50/fun/,0.49263614555665836,middle50
2404043953,finalized,20,7/31/2019 20:46:52,no,0.5125,ralphlauren,official,,0.500116,13774681_275611046133551_2046970552_n.jpg,https://brandperception.s3.amazonaws.com/imagenet_eval_top50_middle50_bottom50/fun/middle50/13774681_275611046133551_2046970552_n.jpg,official/ralphlauren/13774681_275611046133551_2046970552_n.jpg,https://brandperception.s3.amazonaws.com/imagenet_eval_top50_middle50_bottom50/fun/,0.5116328909455432,middle50
2404043954,finalized,20,7/31/2019 20:14:32,no,0.8657,urbanoutfitters,official,,0.499946,11378108_1617467735136803_2048364377_n.jpg,https://brandperception.s3.amazonaws.com/imagenet_eval_top50_middle50_bottom50/fun/middle50/11378108_1617467735136803_2048364377_n.jpg,official/urbanoutfitters/11378108_1617467735136803_2048364377_n.jpg,https://brandperception.s3.amazonaws.com/imagenet_eval_top50_middle50_bottom50/fun/,0.5245993454526726,middle50
2404043955,finalized,20,7/31/2019 20:14:19,yes,0.7637,minutemaid,user,,0.983061,1186837294286829422_374652492.jpg,https://brandperception.s3.amazonaws.com/imagenet_eval_top50_middle50_bottom50/fun/top50/1186837294286829422_374652492.jpg,user/minutemaid/1186837294286829422_374652492.jpg,https://brandperception.s3.amazonaws.com/imagenet_eval_top50_middle50_bottom50/fun/,0.5283232255022656,top50
2404043956,finalized,20,7/31/2019 20:23:39,yes,0.6966,hollister,user,,0.500156,1250876904375183113_3162955376.jpg,https://brandperception.s3.amazonaws.com/imagenet_eval_top50_middle50_bottom50/fun/middle50/1250876904375183113_3162955376.jpg,user/hollister/1250876904375183113_3162955376.jpg,https://brandperception.s3.amazonaws.com/imagenet_eval_top50_middle50_bottom50/fun/,0.5389671289109828,middle50
2404043957,finalized,20,7/31/2019 20:46:52,no,0.8955,prada,official,,0.499955,10903729_335904979936106_1324781650_n.jpg,https://brandperception.s3.amazonaws.com/imagenet_eval_top50_middle50_bottom50/fun/middle50/10903729_335904979936106_1324781650_n.jpg,official/prada/10903729_335904979936106_1324781650_n.jpg,https://brandperception.s3.amazonaws.com/imagenet_eval_top50_middle50_bottom50/fun/,0.5439529543122311,middle50
2404043958,finalized,20,7/31/2019 20:01:58,yes,0.6419,moetchandon,user,,0.500156,1238911095241728864_248957839.jpg,https://brandperception.s3.amazonaws.com/imagenet_eval_top50_middle50_bottom50/fun/middle50/1238911095241728864_248957839.jpg,user/moetchandon/1238911095241728864_248957839.jpg,https://brandperception.s3.amazonaws.com/imagenet_eval_top50_middle50_bottom50/fun/,0.5472211743618861,middle50
2404043959,finalized,20,7/31/2019 20:23:39,no,0.7563,cocacola,user,,0.499959,1244891491557554154_2886163180.jpg,https://brandperception.s3.amazonaws.com/imagenet_eval_top50_middle50_bottom50/fun/middle50/1244891491557554154_2886163180.jpg,user/cocacola/1244891491557554154_2886163180.jpg,https://brandperception.s3.amazonaws.com/imagenet_eval_top50_middle50_bottom50/fun/,0.5474140751592134,middle50
2404043960,finalized,20,7/31/2019 20:23:39,no,0.9535,urbanoutfitters,user,,0.00014,1243221991672282819_145091310.jpg,https://brandperception.s3.amazonaws.com/imagenet_eval_top50_middle50_bottom50/fun/bottom50/1243221991672282819_145091310.jpg,user/urbanoutfitters/1243221991672282819_145091310.jpg,https://brandperception.s3.amazonaws.com/imagenet_eval_top50_middle50_bottom50/fun/,0.5591358118995521,bottom50
2404043961,finalized,20,7/31/2019 20:17:15,no,0.8258,cocacola,user,,4.8e-05,1245060789613459569_1913342909.jpg,https://brandperception.s3.amazonaws.com/imagenet_eval_top50_middle50_bottom50/fun/bottom50/1245060789613459569_1913342909.jpg,user/cocacola/1245060789613459569_1913342909.jpg,https://brandperception.s3.amazonaws.com/imagenet_eval_top50_middle50_bottom50/fun/,0.5654247389846808,bottom50
2404043962,finalized,20,7/31/2019 20:05:50,no,0.8703,honesttea,user,,0.000191,1060432462317373800_1183601.jpg,https://brandperception.s3.amazonaws.com/imagenet_eval_top50_middle50_bottom50/fun/bottom50/1060432462317373800_1183601.jpg,user/honesttea/1060432462317373800_1183601.jpg,https://brandperception.s3.amazonaws.com/imagenet_eval_top50_middle50_bottom50/fun/,0.5680049255754578,bottom50
2404043963,finalized,20,7/31/2019 20:30:42,no,0.7321,cocacola,user,,0.000208,1245035284157127823_33520214.jpg,https://brandperception.s3.amazonaws.com/imagenet_eval_top50_middle50_bottom50/fun/bottom50/1245035284157127823_33520214.jpg,user/cocacola/1245035284157127823_33520214.jpg,https://brandperception.s3.amazonaws.com/imagenet_eval_top50_middle50_bottom50/fun/,0.5691236892175556,bottom50
2404043964,finalized,20,7/31/2019 20:46:52,yes,0.6958,adidas,official,,0.989552,11123895_1404638683190422_793628628_n.jpg,https://brandperception.s3.amazonaws.com/imagenet_eval_top50_middle50_bottom50/fun/top50/11123895_1404638683190422_793628628_n.jpg,official/adidas/11123895_1404638683190422_793628628_n.jpg,https://brandperception.s3.amazonaws.com/imagenet_eval_top50_middle50_bottom50/fun/,0.5699487815942353,top50
2404043965,finalized,20,7/31/2019 20:30:42,no,0.9128,dolcegabbana,user,,0.499838,1243561593639131981_2330837933.jpg,https://brandperception.s3.amazonaws.com/imagenet_eval_top50_middle50_bottom50/fun/middle50/1243561593639131981_2330837933.jpg,user/dolcegabbana/1243561593639131981_2330837933.jpg,https://brandperception.s3.amazonaws.com/imagenet_eval_top50_middle50_bottom50/fun/,0.5724168837791711,middle50
2404043966,finalized,20,7/31/2019 20:46:52,no,0.8562,snapple,user,,0.000148,1224826944600707612_404449131.jpg,https://brandperception.s3.amazonaws.com/imagenet_eval_top50_middle50_bottom50/fun/bottom50/1224826944600707612_404449131.jpg,user/snapple/1224826944600707612_404449131.jpg,https://brandperception.s3.amazonaws.com/imagenet_eval_top50_middle50_bottom50/fun/,0.5740234518711803,bottom50
2404043967,finalized,20,7/31/2019 20:12:29,no,0.758,dolcegabbana,official,,0.499995,13628461_952440778217180_1036723437_n.jpg,https://brandperception.s3.amazonaws.com/imagenet_eval_top50_middle50_bottom50/fun/middle50/13628461_952440778217180_1036723437_n.jpg,official/dolcegabbana/13628461_952440778217180_1036723437_n.jpg,https://brandperception.s3.amazonaws.com/imagenet_eval_top50_middle50_bottom50/fun/,0.5760369279626077,middle50
2404043968,finalized,20,7/31/2019 20:18:02,no,1.0,honesttea,user,,0.000186,1094646710277908536_263172697.jpg,https://brandperception.s3.amazonaws.com/imagenet_eval_top50_middle50_bottom50/fun/bottom50/1094646710277908536_263172697.jpg,user/honesttea/1094646710277908536_263172697.jpg,https://brandperception.s3.amazonaws.com/imagenet_eval_top50_middle50_bottom50/fun/,0.588363319837556,bottom50
2404043969,finalized,20,7/31/2019 20:46:52,yes,0.8871,converse,official,,0.994323,10362117_417454761729452_694031719_n.jpg,https://brandperception.s3.amazonaws.com/imagenet_eval_top50_middle50_bottom50/fun/top50/10362117_417454761729452_694031719_n.jpg,official/converse/10362117_417454761729452_694031719_n.jpg,https://brandperception.s3.amazonaws.com/imagenet_eval_top50_middle50_bottom50/fun/,0.5918301955841446,top50
2404043970,finalized,20,7/31/2019 20:17:15,no,0.9637,minutemaid,user,,0.000192,1201886175508183648_1809386933.jpg,https://brandperception.s3.amazonaws.com/imagenet_eval_top50_middle50_bottom50/fun/bottom50/1201886175508183648_1809386933.jpg,user/minutemaid/1201886175508183648_1809386933.jpg,https://brandperception.s3.amazonaws.com/imagenet_eval_top50_middle50_bottom50/fun/,0.6009809159797537,bottom50
2404043971,finalized,20,7/31/2019 20:17:15,no,0.8615,kennethcole,official,,4.3e-05,11325026_793965377385932_2099222970_n.jpg,https://brandperception.s3.amazonaws.com/imagenet_eval_top50_middle50_bottom50/fun/bottom50/11325026_793965377385932_2099222970_n.jpg,official/kennethcole/11325026_793965377385932_2099222970_n.jpg,https://brandperception.s3.amazonaws.com/imagenet_eval_top50_middle50_bottom50/fun/,0.6069947934044815,bottom50
2404043972,finalized,20,7/31/2019 20:18:02,no,0.9219,tazo,user,,0.000174,1218952392156062310_2339406223.jpg,https://brandperception.s3.amazonaws.com/imagenet_eval_top50_middle50_bottom50/fun/bottom50/1218952392156062310_2339406223.jpg,user/tazo/1218952392156062310_2339406223.jpg,https://brandperception.s3.amazonaws.com/imagenet_eval_top50_middle50_bottom50/fun/,0.6210970136589548,bottom50
2404043973,finalized,20,7/31/2019 20:23:39,yes,0.8996,vitaminwater,official,,0.987586,11189889_874510782635442_505897026_n.jpg,https://brandperception.s3.amazonaws.com/imagenet_eval_top50_middle50_bottom50/fun/top50/11189889_874510782635442_505897026_n.jpg,official/vitaminwater/11189889_874510782635442_505897026_n.jpg,https://brandperception.s3.amazonaws.com/imagenet_eval_top50_middle50_bottom50/fun/,0.6304298218741123,top50
2404043974,finalized,20,7/31/2019 20:05:50,no,1.0,corona,user,,0.500069,1242091973671125172_1724215511.jpg,https://brandperception.s3.amazonaws.com/imagenet_eval_top50_middle50_bottom50/fun/middle50/1242091973671125172_1724215511.jpg,user/corona/1242091973671125172_1724215511.jpg,https://brandperception.s3.amazonaws.com/imagenet_eval_top50_middle50_bottom50/fun/,0.6321759032890617,middle50
2404043975,finalized,20,7/31/2019 20:17:59,yes,0.6096,greygoose,official,,0.988971,11192729_822413834506780_636396086_n.jpg,https://brandperception.s3.amazonaws.com/imagenet_eval_top50_middle50_bottom50/fun/top50/11192729_822413834506780_636396086_n.jpg,official/greygoose/11192729_822413834506780_636396086_n.jpg,https://brandperception.s3.amazonaws.com/imagenet_eval_top50_middle50_bottom50/fun/,0.6393940940689753,top50
2404043976,finalized,20,7/31/2019 20:46:52,no,0.8562,honesttea,user,,0.000115,1077645236149947091_592731793.jpg,https://brandperception.s3.amazonaws.com/imagenet_eval_top50_middle50_bottom50/fun/bottom50/1077645236149947091_592731793.jpg,user/honesttea/1077645236149947091_592731793.jpg,https://brandperception.s3.amazonaws.com/imagenet_eval_top50_middle50_bottom50/fun/,0.6510647125791424,bottom50
2404043977,finalized,20,7/31/2019 20:18:02,yes,0.752,vitaminwater,official,,0.997671,10608065_275330646000499_197815010_n.jpg,https://brandperception.s3.amazonaws.com/imagenet_eval_top50_middle50_bottom50/fun/top50/10608065_275330646000499_197815010_n.jpg,official/vitaminwater/10608065_275330646000499_197815010_n.jpg,https://brandperception.s3.amazonaws.com/imagenet_eval_top50_middle50_bottom50/fun/,0.664249459980065,top50
2404043978,finalized,20,7/31/2019 20:14:32,no,0.9471,monsterenergy,user,,0.499923,1241786924771323610_2213593594.jpg,https://brandperception.s3.amazonaws.com/imagenet_eval_top50_middle50_bottom50/fun/middle50/1241786924771323610_2213593594.jpg,user/monsterenergy/1241786924771323610_2213593594.jpg,https://brandperception.s3.amazonaws.com/imagenet_eval_top50_middle50_bottom50/fun/,0.6772924767419013,middle50
2404043979,finalized,20,7/31/2019 20:21:28,no,0.9636,kennethcole,user,,0.50003,1239477041926844141_338899938.jpg,https://brandperception.s3.amazonaws.com/imagenet_eval_top50_middle50_bottom50/fun/middle50/1239477041926844141_338899938.jpg,user/kennethcole/1239477041926844141_338899938.jpg,https://brandperception.s3.amazonaws.com/imagenet_eval_top50_middle50_bottom50/fun/,0.6905611901973302,middle50
2404043980,finalized,20,7/31/2019 20:14:32,yes,0.9549,budlight,user,,0.989949,1244654009645206102_54797753.jpg,https://brandperception.s3.amazonaws.com/imagenet_eval_top50_middle50_bottom50/fun/top50/1244654009645206102_54797753.jpg,user/budlight/1244654009645206102_54797753.jpg,https://brandperception.s3.amazonaws.com/imagenet_eval_top50_middle50_bottom50/fun/,0.6950146574023123,top50
2404043981,finalized,20,7/31/2019 22:20:32,no,0.6187,jcrew,user,,0.499945,1249563198100254870_44232731.jpg,https://brandperception.s3.amazonaws.com/imagenet_eval_top50_middle50_bottom50/fun/middle50/1249563198100254870_44232731.jpg,user/jcrew/1249563198100254870_44232731.jpg,https://brandperception.s3.amazonaws.com/imagenet_eval_top50_middle50_bottom50/fun/,0.6973088531617136,middle50
2404043982,finalized,20,7/31/2019 21:41:59,no,0.935,cocacola,user,,0.000118,1245266612933941447_337451333.jpg,https://brandperception.s3.amazonaws.com/imagenet_eval_top50_middle50_bottom50/fun/bottom50/1245266612933941447_337451333.jpg,user/cocacola/1245266612933941447_337451333.jpg,https://brandperception.s3.amazonaws.com/imagenet_eval_top50_middle50_bottom50/fun/,0.7002797553525857,bottom50
2404043983,finalized,20,7/31/2019 21:46:32,no,0.8884,moetchandon,user,,0.000195,1243365565552976735_16388895.jpg,https://brandperception.s3.amazonaws.com/imagenet_eval_top50_middle50_bottom50/fun/bottom50/1243365565552976735_16388895.jpg,user/moetchandon/1243365565552976735_16388895.jpg,https://brandperception.s3.amazonaws.com/imagenet_eval_top50_middle50_bottom50/fun/,0.7143273594268587,bottom50
2404043984,finalized,20,7/31/2019 21:41:59,no,0.6148,gap,official,,0.500167,11187046_1632102733671280_1342468477_n.jpg,https://brandperception.s3.amazonaws.com/imagenet_eval_top50_middle50_bottom50/fun/middle50/11187046_1632102733671280_1342468477_n.jpg,official/gap/11187046_1632102733671280_1342468477_n.jpg,https://brandperception.s3.amazonaws.com/imagenet_eval_top50_middle50_bottom50/fun/,0.7162788684918993,middle50
2404043985,finalized,20,7/31/2019 22:20:32,no,0.7125,gatorade,user,,0.499833,1239382066354152144_1475795471.jpg,https://brandperception.s3.amazonaws.com/imagenet_eval_top50_middle50_bottom50/fun/middle50/1239382066354152144_1475795471.jpg,user/gatorade/1239382066354152144_1475795471.jpg,https://brandperception.s3.amazonaws.com/imagenet_eval_top50_middle50_bottom50/fun/,0.7351573148026769,middle50
2404043986,finalized,20,7/31/2019 22:20:32,yes,0.9043,vitaminwater,official,,0.99563,10932173_483914818423881_1255970083_n.jpg,https://brandperception.s3.amazonaws.com/imagenet_eval_top50_middle50_bottom50/fun/top50/10932173_483914818423881_1255970083_n.jpg,official/vitaminwater/10932173_483914818423881_1255970083_n.jpg,https://brandperception.s3.amazonaws.com/imagenet_eval_top50_middle50_bottom50/fun/,0.7383243570559885,top50
2404043987,finalized,20,7/31/2019 21:46:32,no,0.935,sanpellegrino,user,,0.000126,1241338146575290928_192624291.jpg,https://brandperception.s3.amazonaws.com/imagenet_eval_top50_middle50_bottom50/fun/bottom50/1241338146575290928_192624291.jpg,user/sanpellegrino/1241338146575290928_192624291.jpg,https://brandperception.s3.amazonaws.com/imagenet_eval_top50_middle50_bottom50/fun/,0.7409395382458519,bottom50
2404043988,finalized,20,7/31/2019 21:41:59,no,0.6751,corona,official,,0.499874,12677519_494384397416375_1803365679_n.jpg,https://brandperception.s3.amazonaws.com/imagenet_eval_top50_middle50_bottom50/fun/middle50/12677519_494384397416375_1803365679_n.jpg,official/corona/12677519_494384397416375_1803365679_n.jpg,https://brandperception.s3.amazonaws.com/imagenet_eval_top50_middle50_bottom50/fun/,0.7512813760145928,middle50
2404043989,finalized,20,7/31/2019 22:03:26,no,0.686,llbean,official,,0.000134,11909946_1623510704598023_692881117_n.jpg,https://brandperception.s3.amazonaws.com/imagenet_eval_top50_middle50_bottom50/fun/bottom50/11909946_1623510704598023_692881117_n.jpg,official/llbean/11909946_1623510704598023_692881117_n.jpg,https://brandperception.s3.amazonaws.com/imagenet_eval_top50_middle50_bottom50/fun/,0.757124317409832,bottom50
2404043990,finalized,20,7/31/2019 21:47:02,no,0.6091,urbanoutfitters,official,,0.989184,11351779_844132708967717_552517428_n.jpg,https://brandperception.s3.amazonaws.com/imagenet_eval_top50_middle50_bottom50/fun/top50/11351779_844132708967717_552517428_n.jpg,official/urbanoutfitters/11351779_844132708967717_552517428_n.jpg,https://brandperception.s3.amazonaws.com/imagenet_eval_top50_middle50_bottom50/fun/,0.7607830838606431,top50
2404043991,finalized,20,7/31/2019 21:41:59,yes,0.9024,abercrombie,official,,0.499843,10454181_666487360094188_509085183_n.jpg,https://brandperception.s3.amazonaws.com/imagenet_eval_top50_middle50_bottom50/fun/middle50/10454181_666487360094188_509085183_n.jpg,official/abercrombie/10454181_666487360094188_509085183_n.jpg,https://brandperception.s3.amazonaws.com/imagenet_eval_top50_middle50_bottom50/fun/,0.7620975472495658,middle50
2404043992,finalized,20,7/31/2019 21:47:02,no,0.8079,urbanoutfitters,official,,0.499775,10299812_1533357070290405_891924511_n.jpg,https://brandperception.s3.amazonaws.com/imagenet_eval_top50_middle50_bottom50/fun/middle50/10299812_1533357070290405_891924511_n.jpg,official/urbanoutfitters/10299812_1533357070290405_891924511_n.jpg,https://brandperception.s3.amazonaws.com/imagenet_eval_top50_middle50_bottom50/fun/,0.765145719043038,middle50
2404043993,finalized,20,7/31/2019 21:46:32,yes,0.6976,vitaminwater,official,,0.986048,11191245_363243070544620_740514413_n.jpg,https://brandperception.s3.amazonaws.com/imagenet_eval_top50_middle50_bottom50/fun/top50/11191245_363243070544620_740514413_n.jpg,official/vitaminwater/11191245_363243070544620_740514413_n.jpg,https://brandperception.s3.amazonaws.com/imagenet_eval_top50_middle50_bottom50/fun/,0.7777521512860328,top50
2404043994,finalized,20,7/31/2019 21:47:02,no,0.5596,cocacola,official,,0.50012,1889251_1468563873355154_800289784_n.jpg,https://brandperception.s3.amazonaws.com/imagenet_eval_top50_middle50_bottom50/fun/middle50/1889251_1468563873355154_800289784_n.jpg,official/cocacola/1889251_1468563873355154_800289784_n.jpg,https://brandperception.s3.amazonaws.com/imagenet_eval_top50_middle50_bottom50/fun/,0.7943456385722174,middle50
2404043995,finalized,20,7/31/2019 22:03:26,yes,0.6263,coorslight,user,,0.991996,1235952580393200579_288381049.jpg,https://brandperception.s3.amazonaws.com/imagenet_eval_top50_middle50_bottom50/fun/top50/1235952580393200579_288381049.jpg,user/coorslight/1235952580393200579_288381049.jpg,https://brandperception.s3.amazonaws.com/imagenet_eval_top50_middle50_bottom50/fun/,0.800126753480327,top50
2404043996,finalized,20,7/31/2019 22:20:32,no,1.0,welchs,user,,0.500078,1153549859927114020_2400452575.jpg,https://brandperception.s3.amazonaws.com/imagenet_eval_top50_middle50_bottom50/fun/middle50/1153549859927114020_2400452575.jpg,user/welchs/1153549859927114020_2400452575.jpg,https://brandperception.s3.amazonaws.com/imagenet_eval_top50_middle50_bottom50/fun/,0.8153449628451298,middle50
2404043997,finalized,20,7/31/2019 22:20:32,no,0.9722,oldnavy,user,,0.500014,1242858038275765888_366777716.jpg,https://brandperception.s3.amazonaws.com/imagenet_eval_top50_middle50_bottom50/fun/middle50/1242858038275765888_366777716.jpg,user/oldnavy/1242858038275765888_366777716.jpg,https://brandperception.s3.amazonaws.com/imagenet_eval_top50_middle50_bottom50/fun/,0.8207250005082214,middle50
2404043998,finalized,20,7/31/2019 21:41:59,yes,1.0,corona,official,,0.499806,12912402_1677980479089405_1788037006_n.jpg,https://brandperception.s3.amazonaws.com/imagenet_eval_top50_middle50_bottom50/fun/middle50/12912402_1677980479089405_1788037006_n.jpg,official/corona/12912402_1677980479089405_1788037006_n.jpg,https://brandperception.s3.amazonaws.com/imagenet_eval_top50_middle50_bottom50/fun/,0.8229243624573617,middle50
2404043999,finalized,20,7/31/2019 21:41:59,yes,0.9119,drpepper,user,,0.500071,1244214044991585830_2218259510.jpg,https://brandperception.s3.amazonaws.com/imagenet_eval_top50_middle50_bottom50/fun/middle50/1244214044991585830_2218259510.jpg,user/drpepper/1244214044991585830_2218259510.jpg,https://brandperception.s3.amazonaws.com/imagenet_eval_top50_middle50_bottom50/fun/,0.8308959693822179,middle50
2404044000,finalized,20,7/31/2019 22:03:26,no,0.9034,bacardi,user,,0.000121,1241939216091931510_2307229695.jpg,https://brandperception.s3.amazonaws.com/imagenet_eval_top50_middle50_bottom50/fun/bottom50/1241939216091931510_2307229695.jpg,user/bacardi/1241939216091931510_2307229695.jpg,https://brandperception.s3.amazonaws.com/imagenet_eval_top50_middle50_bottom50/fun/,0.8341293333322011,bottom50
2404044001,finalized,20,7/31/2019 21:41:59,no,0.887,hollister,user,,0.000203,1251001955864412569_242141919.jpg,https://brandperception.s3.amazonaws.com/imagenet_eval_top50_middle50_bottom50/fun/bottom50/1251001955864412569_242141919.jpg,user/hollister/1251001955864412569_242141919.jpg,https://brandperception.s3.amazonaws.com/imagenet_eval_top50_middle50_bottom50/fun/,0.835245972697579,bottom50
2404044002,finalized,20,7/31/2019 21:47:02,no,0.8331,jackdaniels_us,official,,0.499921,10311083_576436042467495_1174114542_n.jpg,https://brandperception.s3.amazonaws.com/imagenet_eval_top50_middle50_bottom50/fun/middle50/10311083_576436042467495_1174114542_n.jpg,official/jackdaniels_us/10311083_576436042467495_1174114542_n.jpg,https://brandperception.s3.amazonaws.com/imagenet_eval_top50_middle50_bottom50/fun/,0.8415376066803181,middle50
2404044003,finalized,20,7/31/2019 22:03:26,no,0.7798,llbean,official,,0.000145,13117787_1603259463298882_1234509953_n.jpg,https://brandperception.s3.amazonaws.com/imagenet_eval_top50_middle50_bottom50/fun/bottom50/13117787_1603259463298882_1234509953_n.jpg,official/llbean/13117787_1603259463298882_1234509953_n.jpg,https://brandperception.s3.amazonaws.com/imagenet_eval_top50_middle50_bottom50/fun/,0.8461963005507314,bottom50
2404044004,finalized,20,7/31/2019 22:20:32,no,0.8875,dolcegabbana,official,,0.500161,11358143_625395264261415_375170524_n.jpg,https://brandperception.s3.amazonaws.com/imagenet_eval_top50_middle50_bottom50/fun/middle50/11358143_625395264261415_375170524_n.jpg,official/dolcegabbana/11358143_625395264261415_375170524_n.jpg,https://brandperception.s3.amazonaws.com/imagenet_eval_top50_middle50_bottom50/fun/,0.865815549245735,middle50
2404044005,finalized,20,7/31/2019 22:20:32,yes,0.8578,monsterenergy,user,,0.997614,1241590660948717466_3100899762.jpg,https://brandperception.s3.amazonaws.com/imagenet_eval_top50_middle50_bottom50/fun/top50/1241590660948717466_3100899762.jpg,user/monsterenergy/1241590660948717466_3100899762.jpg,https://brandperception.s3.amazonaws.com/imagenet_eval_top50_middle50_bottom50/fun/,0.867759502502807,top50
2404044006,finalized,20,7/31/2019 22:20:32,no,0.835,motts,user,,7.6e-05,1088732765152693732_1450079178.jpg,https://brandperception.s3.amazonaws.com/imagenet_eval_top50_middle50_bottom50/fun/bottom50/1088732765152693732_1450079178.jpg,user/motts/1088732765152693732_1450079178.jpg,https://brandperception.s3.amazonaws.com/imagenet_eval_top50_middle50_bottom50/fun/,0.8687454926606459,bottom50
2404044007,finalized,20,7/31/2019 21:47:02,no,0.8846,snapple,user,,0.000151,1228197246324134039_563709307.jpg,https://brandperception.s3.amazonaws.com/imagenet_eval_top50_middle50_bottom50/fun/bottom50/1228197246324134039_563709307.jpg,user/snapple/1228197246324134039_563709307.jpg,https://brandperception.s3.amazonaws.com/imagenet_eval_top50_middle50_bottom50/fun/,0.8835248137240621,bottom50
2404044008,finalized,20,7/31/2019 22:03:26,yes,0.631,victoriassecret,official,,0.499815,12558874_524701331065512_1675826634_n.jpg,https://brandperception.s3.amazonaws.com/imagenet_eval_top50_middle50_bottom50/fun/middle50/12558874_524701331065512_1675826634_n.jpg,official/victoriassecret/12558874_524701331065512_1675826634_n.jpg,https://brandperception.s3.amazonaws.com/imagenet_eval_top50_middle50_bottom50/fun/,0.8843541016948518,middle50
2404044009,finalized,20,7/31/2019 21:46:32,no,0.8137,anntaylor,user,,0.499918,1237635674067857465_2273647715.jpg,https://brandperception.s3.amazonaws.com/imagenet_eval_top50_middle50_bottom50/fun/middle50/1237635674067857465_2273647715.jpg,user/anntaylor/1237635674067857465_2273647715.jpg,https://brandperception.s3.amazonaws.com/imagenet_eval_top50_middle50_bottom50/fun/,0.8853031472719697,middle50
2404044010,finalized,20,7/31/2019 22:03:26,yes,0.6407,urbanoutfitters,official,,0.982999,1515322_212155625634787_1027581323_n.jpg,https://brandperception.s3.amazonaws.com/imagenet_eval_top50_middle50_bottom50/fun/top50/1515322_212155625634787_1027581323_n.jpg,official/urbanoutfitters/1515322_212155625634787_1027581323_n.jpg,https://brandperception.s3.amazonaws.com/imagenet_eval_top50_middle50_bottom50/fun/,0.8905833007056472,top50
2404044011,finalized,20,7/31/2019 21:46:32,no,0.935,budweiser,user,,0.000105,1250130254434690432_1431560792.jpg,https://brandperception.s3.amazonaws.com/imagenet_eval_top50_middle50_bottom50/fun/bottom50/1250130254434690432_1431560792.jpg,user/budweiser/1250130254434690432_1431560792.jpg,https://brandperception.s3.amazonaws.com/imagenet_eval_top50_middle50_bottom50/fun/,0.8956431966416416,bottom50
2404044012,finalized,20,7/31/2019 21:47:02,yes,0.6437,fanta,user,,0.500154,1240261616401215535_1208982395.jpg,https://brandperception.s3.amazonaws.com/imagenet_eval_top50_middle50_bottom50/fun/middle50/1240261616401215535_1208982395.jpg,user/fanta/1240261616401215535_1208982395.jpg,https://brandperception.s3.amazonaws.com/imagenet_eval_top50_middle50_bottom50/fun/,0.8990203824427435,middle50
2404044013,finalized,20,7/31/2019 21:46:32,no,0.935,bigelow,user,,7.1e-05,1118563345606298439_792225.jpg,https://brandperception.s3.amazonaws.com/imagenet_eval_top50_middle50_bottom50/fun/bottom50/1118563345606298439_792225.jpg,user/bigelow/1118563345606298439_792225.jpg,https://brandperception.s3.amazonaws.com/imagenet_eval_top50_middle50_bottom50/fun/,0.9005507092262123,bottom50
2404044014,finalized,20,7/31/2019 21:41:59,no,0.9108,ralphlauren,official,,0.499854,10584592_699815656738184_2066384875_n.jpg,https://brandperception.s3.amazonaws.com/imagenet_eval_top50_middle50_bottom50/fun/middle50/10584592_699815656738184_2066384875_n.jpg,official/ralphlauren/10584592_699815656738184_2066384875_n.jpg,https://brandperception.s3.amazonaws.com/imagenet_eval_top50_middle50_bottom50/fun/,0.9022293720118919,middle50
2404044015,finalized,20,7/31/2019 21:47:02,no,0.9224,prada,official,,0.500031,10932594_618534751612837_1262151423_n.jpg,https://brandperception.s3.amazonaws.com/imagenet_eval_top50_middle50_bottom50/fun/middle50/10932594_618534751612837_1262151423_n.jpg,official/prada/10932594_618534751612837_1262151423_n.jpg,https://brandperception.s3.amazonaws.com/imagenet_eval_top50_middle50_bottom50/fun/,0.9023664671828606,middle50
2404044016,finalized,20,7/31/2019 21:47:02,no,0.5109,ralphlauren,official,,0.499983,926192_396808567126750_258281978_n.jpg,https://brandperception.s3.amazonaws.com/imagenet_eval_top50_middle50_bottom50/fun/middle50/926192_396808567126750_258281978_n.jpg,official/ralphlauren/926192_396808567126750_258281978_n.jpg,https://brandperception.s3.amazonaws.com/imagenet_eval_top50_middle50_bottom50/fun/,0.9044424977902649,middle50
2404044017,finalized,20,7/31/2019 22:03:26,no,0.7146,swissmiss,user,,0.499816,1183978722214724942_1687893760.jpg,https://brandperception.s3.amazonaws.com/imagenet_eval_top50_middle50_bottom50/fun/middle50/1183978722214724942_1687893760.jpg,user/swissmiss/1183978722214724942_1687893760.jpg,https://brandperception.s3.amazonaws.com/imagenet_eval_top50_middle50_bottom50/fun/,0.911225782596372,middle50
2404044018,finalized,20,7/31/2019 22:20:32,yes,0.7569,vitaminwater,official,,0.98815,10261059_1649500431932271_1409500617_n.jpg,https://brandperception.s3.amazonaws.com/imagenet_eval_top50_middle50_bottom50/fun/top50/10261059_1649500431932271_1409500617_n.jpg,official/vitaminwater/10261059_1649500431932271_1409500617_n.jpg,https://brandperception.s3.amazonaws.com/imagenet_eval_top50_middle50_bottom50/fun/,0.9325452256376808,top50
2404044019,finalized,20,7/31/2019 22:03:26,yes,0.6659,vitaminwater,official,,0.996753,11192657_416075038565051_537494873_n.jpg,https://brandperception.s3.amazonaws.com/imagenet_eval_top50_middle50_bottom50/fun/top50/11192657_416075038565051_537494873_n.jpg,official/vitaminwater/11192657_416075038565051_537494873_n.jpg,https://brandperception.s3.amazonaws.com/imagenet_eval_top50_middle50_bottom50/fun/,0.9403466858681675,top50
2404044020,finalized,20,7/31/2019 21:41:59,no,0.8562,dolcegabbana,official,,0.499953,10724652_297016037176257_1800889629_n.jpg,https://brandperception.s3.amazonaws.com/imagenet_eval_top50_middle50_bottom50/fun/middle50/10724652_297016037176257_1800889629_n.jpg,official/dolcegabbana/10724652_297016037176257_1800889629_n.jpg,https://brandperception.s3.amazonaws.com/imagenet_eval_top50_middle50_bottom50/fun/,0.9406956841888561,middle50
2404044021,finalized,20,7/31/2019 21:46:32,no,0.935,sanpellegrino,user,,0.000127,1238562538302872956_2910722438.jpg,https://brandperception.s3.amazonaws.com/imagenet_eval_top50_middle50_bottom50/fun/bottom50/1238562538302872956_2910722438.jpg,user/sanpellegrino/1238562538302872956_2910722438.jpg,https://brandperception.s3.amazonaws.com/imagenet_eval_top50_middle50_bottom50/fun/,0.9440836275639897,bottom50
2404044022,finalized,20,7/31/2019 21:46:32,no,0.5613,vitaminwater,official,,0.994015,11202470_437228703125250_73869218_n.jpg,https://brandperception.s3.amazonaws.com/imagenet_eval_top50_middle50_bottom50/fun/top50/11202470_437228703125250_73869218_n.jpg,official/vitaminwater/11202470_437228703125250_73869218_n.jpg,https://brandperception.s3.amazonaws.com/imagenet_eval_top50_middle50_bottom50/fun/,0.945120511745,top50
2404044023,finalized,20,7/31/2019 21:41:59,no,0.5613,dockers,user,,0.986653,1219420777964129669_2805289626.jpg,https://brandperception.s3.amazonaws.com/imagenet_eval_top50_middle50_bottom50/fun/top50/1219420777964129669_2805289626.jpg,user/dockers/1219420777964129669_2805289626.jpg,https://brandperception.s3.amazonaws.com/imagenet_eval_top50_middle50_bottom50/fun/,0.9509685481039579,top50
2404044024,finalized,20,7/31/2019 21:46:32,no,0.935,tazo,user,,0.000134,1211313590851430246_31224952.jpg,https://brandperception.s3.amazonaws.com/imagenet_eval_top50_middle50_bottom50/fun/bottom50/1211313590851430246_31224952.jpg,user/tazo/1211313590851430246_31224952.jpg,https://brandperception.s3.amazonaws.com/imagenet_eval_top50_middle50_bottom50/fun/,0.9531657156569016,bottom50
2404044025,finalized,20,7/31/2019 21:47:02,no,0.8305,minutemaid,user,,4.0e-05,1210454880530845478_2214942930.jpg,https://brandperception.s3.amazonaws.com/imagenet_eval_top50_middle50_bottom50/fun/bottom50/1210454880530845478_2214942930.jpg,user/minutemaid/1210454880530845478_2214942930.jpg,https://brandperception.s3.amazonaws.com/imagenet_eval_top50_middle50_bottom50/fun/,0.9758683154746632,bottom50
2404044026,finalized,20,7/31/2019 22:03:26,yes,0.6149,vitaminwater,official,,0.998089,11378140_1634612996756860_1191118369_n.jpg,https://brandperception.s3.amazonaws.com/imagenet_eval_top50_middle50_bottom50/fun/top50/11378140_1634612996756860_1191118369_n.jpg,official/vitaminwater/11378140_1634612996756860_1191118369_n.jpg,https://brandperception.s3.amazonaws.com/imagenet_eval_top50_middle50_bottom50/fun/,0.9781173071943806,top50
2404044027,finalized,20,7/31/2019 21:46:32,no,0.838,cocacola,user,,0.000178,1245044139047019513_49361303.jpg,https://brandperception.s3.amazonaws.com/imagenet_eval_top50_middle50_bottom50/fun/bottom50/1245044139047019513_49361303.jpg,user/cocacola/1245044139047019513_49361303.jpg,https://brandperception.s3.amazonaws.com/imagenet_eval_top50_middle50_bottom50/fun/,0.9843109558012538,bottom50
2404044028,finalized,20,7/31/2019 22:20:32,yes,0.756,vitaminwater,official,,0.996166,11176335_1579238449018896_1551269832_n.jpg,https://brandperception.s3.amazonaws.com/imagenet_eval_top50_middle50_bottom50/fun/top50/11176335_1579238449018896_1551269832_n.jpg,official/vitaminwater/11176335_1579238449018896_1551269832_n.jpg,https://brandperception.s3.amazonaws.com/imagenet_eval_top50_middle50_bottom50/fun/,0.9844121995185069,top50
2404044029,finalized,20,7/31/2019 22:03:26,yes,0.6102,ralphlauren,official,,0.500039,11176575_1438773159754722_928027814_n.jpg,https://brandperception.s3.amazonaws.com/imagenet_eval_top50_middle50_bottom50/fun/middle50/11176575_1438773159754722_928027814_n.jpg,official/ralphlauren/11176575_1438773159754722_928027814_n.jpg,https://brandperception.s3.amazonaws.com/imagenet_eval_top50_middle50_bottom50/fun/,0.9933704269103437,middle50
2404044030,finalized,20,7/31/2019 21:47:02,no,0.7799,sanpellegrino,user,,0.000122,1239236415910053139_1834310768.jpg,https://brandperception.s3.amazonaws.com/imagenet_eval_top50_middle50_bottom50/fun/bottom50/1239236415910053139_1834310768.jpg,user/sanpellegrino/1239236415910053139_1834310768.jpg,https://brandperception.s3.amazonaws.com/imagenet_eval_top50_middle50_bottom50/fun/,0.9937876282378748,bottom50
