_unit_id,_unit_state,_trusted_judgments,_last_judgment_at,glamorous,glamorous:confidence,brand,consumer_official,glamorous_gold,glamorous_prob,image_name,image_url,original_image_location,prefix,rand,top_middle_bottom
2403896606,finalized,20,7/31/2019 20:31:15,yes,1.0,victoriassecret,official,,0.986271,12599203_1708675169344248_1887841860_n.jpg,https://brandperception.s3.amazonaws.com/imagenet_eval_top50_middle50_bottom50/glamorous/top50/12599203_1708675169344248_1887841860_n.jpg,official/victoriassecret/12599203_1708675169344248_1887841860_n.jpg,https://brandperception.s3.amazonaws.com/imagenet_eval_top50_middle50_bottom50/glamorous/top50/10246229_652017988187468_2069330820_n.jpg,0.0010945998868302498,top50
2403896607,finalized,20,7/31/2019 20:19:56,no,0.6034,gucci,user,,0.500111,1251832648518440479_2302182916.jpg,https://brandperception.s3.amazonaws.com/imagenet_eval_top50_middle50_bottom50/glamorous/middle50/1251832648518440479_2302182916.jpg,user/gucci/1251832648518440479_2302182916.jpg,https://brandperception.s3.amazonaws.com/imagenet_eval_top50_middle50_bottom50/glamorous/,0.0013404858154696386,middle50
2403896608,finalized,20,7/31/2019 20:33:49,yes,1.0,juicycouture,official,,0.983171,12135467_1086878434669748_352108688_n.jpg,https://brandperception.s3.amazonaws.com/imagenet_eval_top50_middle50_bottom50/glamorous/top50/12135467_1086878434669748_352108688_n.jpg,official/juicycouture/12135467_1086878434669748_352108688_n.jpg,https://brandperception.s3.amazonaws.com/imagenet_eval_top50_middle50_bottom50/glamorous/,0.004706645355064265,top50
2403896609,finalized,20,7/31/2019 20:31:15,yes,0.6524,guess,official,,0.981528,11176375_102937926705127_1288309507_n.jpg,https://brandperception.s3.amazonaws.com/imagenet_eval_top50_middle50_bottom50/glamorous/top50/11176375_102937926705127_1288309507_n.jpg,official/guess/11176375_102937926705127_1288309507_n.jpg,https://brandperception.s3.amazonaws.com/imagenet_eval_top50_middle50_bottom50/glamorous/,0.005218657109743341,top50
2403896610,finalized,20,7/31/2019 19:55:22,no,0.96,honesttea,user,,7.4e-05,1060432462317373800_1183601.jpg,https://brandperception.s3.amazonaws.com/imagenet_eval_top50_middle50_bottom50/glamorous/bottom50/1060432462317373800_1183601.jpg,user/honesttea/1060432462317373800_1183601.jpg,https://brandperception.s3.amazonaws.com/imagenet_eval_top50_middle50_bottom50/glamorous/,0.01534324584504021,bottom50
2403896611,finalized,20,7/31/2019 19:58:03,no,0.9106,honesttea,user,,0.000108,1058076241137072731_104804189.jpg,https://brandperception.s3.amazonaws.com/imagenet_eval_top50_middle50_bottom50/glamorous/bottom50/1058076241137072731_104804189.jpg,user/honesttea/1058076241137072731_104804189.jpg,https://brandperception.s3.amazonaws.com/imagenet_eval_top50_middle50_bottom50/glamorous/,0.03760260470943799,bottom50
2403896612,finalized,20,7/31/2019 20:19:56,no,0.7685,monsterenergy,user,,0.500313,1242046333613883325_350447158.jpg,https://brandperception.s3.amazonaws.com/imagenet_eval_top50_middle50_bottom50/glamorous/middle50/1242046333613883325_350447158.jpg,user/monsterenergy/1242046333613883325_350447158.jpg,https://brandperception.s3.amazonaws.com/imagenet_eval_top50_middle50_bottom50/glamorous/,0.04390449498644444,middle50
2403896613,finalized,20,7/31/2019 19:58:03,no,0.8573,sanpellegrino,user,,0.00012,1234688424650629263_36236431.jpg,https://brandperception.s3.amazonaws.com/imagenet_eval_top50_middle50_bottom50/glamorous/bottom50/1234688424650629263_36236431.jpg,user/sanpellegrino/1234688424650629263_36236431.jpg,https://brandperception.s3.amazonaws.com/imagenet_eval_top50_middle50_bottom50/glamorous/,0.04799408387531656,bottom50
2403896614,finalized,20,7/31/2019 19:54:02,no,0.8154,llbean,official,,2.0e-05,11256701_1615915595321551_490703185_n.jpg,https://brandperception.s3.amazonaws.com/imagenet_eval_top50_middle50_bottom50/glamorous/bottom50/11256701_1615915595321551_490703185_n.jpg,official/llbean/11256701_1615915595321551_490703185_n.jpg,https://brandperception.s3.amazonaws.com/imagenet_eval_top50_middle50_bottom50/glamorous/,0.054413387400817026,bottom50
2403896615,finalized,20,7/31/2019 20:09:44,no,0.7857,bigelow,user,,1.8e-05,1118563345606298439_792225.jpg,https://brandperception.s3.amazonaws.com/imagenet_eval_top50_middle50_bottom50/glamorous/bottom50/1118563345606298439_792225.jpg,user/bigelow/1118563345606298439_792225.jpg,https://brandperception.s3.amazonaws.com/imagenet_eval_top50_middle50_bottom50/glamorous/,0.061230529515907905,bottom50
2403896616,finalized,20,7/31/2019 19:55:41,no,0.9562,swissmiss,user,,7.1e-05,1200536726251756986_2996295758.jpg,https://brandperception.s3.amazonaws.com/imagenet_eval_top50_middle50_bottom50/glamorous/bottom50/1200536726251756986_2996295758.jpg,user/swissmiss/1200536726251756986_2996295758.jpg,https://brandperception.s3.amazonaws.com/imagenet_eval_top50_middle50_bottom50/glamorous/,0.06454340060813557,bottom50
2403896617,finalized,20,7/31/2019 20:33:49,no,0.8105,gap,user,,0.500266,1242955438445219076_790592738.jpg,https://brandperception.s3.amazonaws.com/imagenet_eval_top50_middle50_bottom50/glamorous/middle50/1242955438445219076_790592738.jpg,user/gap/1242955438445219076_790592738.jpg,https://brandperception.s3.amazonaws.com/imagenet_eval_top50_middle50_bottom50/glamorous/,0.06707794994328564,middle50
2403896618,finalized,20,7/31/2019 19:55:41,yes,0.5473,dolcegabbana,official,,0.499686,1723988_631236270275752_840278376_n.jpg,https://brandperception.s3.amazonaws.com/imagenet_eval_top50_middle50_bottom50/glamorous/middle50/1723988_631236270275752_840278376_n.jpg,official/dolcegabbana/1723988_631236270275752_840278376_n.jpg,https://brandperception.s3.amazonaws.com/imagenet_eval_top50_middle50_bottom50/glamorous/,0.08709576423157017,middle50
2403896619,finalized,20,7/31/2019 20:19:56,yes,1.0,dolcegabbana,official,,0.98901,10949070_1038192612863324_1832799465_n.jpg,https://brandperception.s3.amazonaws.com/imagenet_eval_top50_middle50_bottom50/glamorous/top50/10949070_1038192612863324_1832799465_n.jpg,official/dolcegabbana/10949070_1038192612863324_1832799465_n.jpg,https://brandperception.s3.amazonaws.com/imagenet_eval_top50_middle50_bottom50/glamorous/,0.08735823806032161,top50
2403896620,finalized,20,7/31/2019 20:31:15,no,1.0,swissmiss,user,,7.5e-05,1204802821866484590_36688931.jpg,https://brandperception.s3.amazonaws.com/imagenet_eval_top50_middle50_bottom50/glamorous/bottom50/1204802821866484590_36688931.jpg,user/swissmiss/1204802821866484590_36688931.jpg,https://brandperception.s3.amazonaws.com/imagenet_eval_top50_middle50_bottom50/glamorous/,0.09698239629903527,bottom50
2403896621,finalized,20,7/31/2019 19:55:22,yes,0.8167,victoriassecret,official,,0.986589,924439_591415140971022_1200646475_n.jpg,https://brandperception.s3.amazonaws.com/imagenet_eval_top50_middle50_bottom50/glamorous/top50/924439_591415140971022_1200646475_n.jpg,official/victoriassecret/924439_591415140971022_1200646475_n.jpg,https://brandperception.s3.amazonaws.com/imagenet_eval_top50_middle50_bottom50/glamorous/,0.09731646260606897,top50
2403896622,finalized,20,7/31/2019 19:58:03,no,0.9602,drpepper,official,,7.1e-05,11351957_365173703673355_486256626_n.jpg,https://brandperception.s3.amazonaws.com/imagenet_eval_top50_middle50_bottom50/glamorous/bottom50/11351957_365173703673355_486256626_n.jpg,official/drpepper/11351957_365173703673355_486256626_n.jpg,https://brandperception.s3.amazonaws.com/imagenet_eval_top50_middle50_bottom50/glamorous/,0.1040031118923449,bottom50
2403896623,finalized,20,7/31/2019 20:09:44,yes,1.0,victoriassecret,official,,0.984,10948831_1537717843171121_743571477_n.jpg,https://brandperception.s3.amazonaws.com/imagenet_eval_top50_middle50_bottom50/glamorous/top50/10948831_1537717843171121_743571477_n.jpg,official/victoriassecret/10948831_1537717843171121_743571477_n.jpg,https://brandperception.s3.amazonaws.com/imagenet_eval_top50_middle50_bottom50/glamorous/,0.10546036630078204,top50
2403896624,finalized,20,7/31/2019 19:54:02,yes,0.7989,prada,official,,0.500182,11355164_1439770176340130_806465835_n.jpg,https://brandperception.s3.amazonaws.com/imagenet_eval_top50_middle50_bottom50/glamorous/middle50/11355164_1439770176340130_806465835_n.jpg,official/prada/11355164_1439770176340130_806465835_n.jpg,https://brandperception.s3.amazonaws.com/imagenet_eval_top50_middle50_bottom50/glamorous/,0.11262953021805044,middle50
2403896625,finalized,20,7/31/2019 20:18:58,no,0.8824,kennethcole,official,,8.7e-05,11325026_793965377385932_2099222970_n.jpg,https://brandperception.s3.amazonaws.com/imagenet_eval_top50_middle50_bottom50/glamorous/bottom50/11325026_793965377385932_2099222970_n.jpg,official/kennethcole/11325026_793965377385932_2099222970_n.jpg,https://brandperception.s3.amazonaws.com/imagenet_eval_top50_middle50_bottom50/glamorous/,0.11786514514102664,bottom50
2403896626,finalized,20,7/31/2019 20:19:56,yes,1.0,ralphlauren,official,,0.9902,11258837_111176895880712_1652037811_n.jpg,https://brandperception.s3.amazonaws.com/imagenet_eval_top50_middle50_bottom50/glamorous/top50/11258837_111176895880712_1652037811_n.jpg,official/ralphlauren/11258837_111176895880712_1652037811_n.jpg,https://brandperception.s3.amazonaws.com/imagenet_eval_top50_middle50_bottom50/glamorous/,0.1181621542218807,top50
2403896627,finalized,20,7/31/2019 20:18:58,yes,1.0,hollisterco,official,,0.986424,10643829_752122444849889_2017375592_n.jpg,https://brandperception.s3.amazonaws.com/imagenet_eval_top50_middle50_bottom50/glamorous/top50/10643829_752122444849889_2017375592_n.jpg,official/hollisterco/10643829_752122444849889_2017375592_n.jpg,https://brandperception.s3.amazonaws.com/imagenet_eval_top50_middle50_bottom50/glamorous/,0.12653606864434297,top50
2403896628,finalized,20,7/31/2019 19:55:41,no,0.739,underarmour,official,,0.500006,1527483_1425453054358507_817786988_n.jpg,https://brandperception.s3.amazonaws.com/imagenet_eval_top50_middle50_bottom50/glamorous/middle50/1527483_1425453054358507_817786988_n.jpg,official/underarmour/1527483_1425453054358507_817786988_n.jpg,https://brandperception.s3.amazonaws.com/imagenet_eval_top50_middle50_bottom50/glamorous/,0.1269387493495363,middle50
2403896629,finalized,20,7/31/2019 19:55:41,yes,0.8987,gucci,official,,0.984658,10522196_469963353140030_354349661_n.jpg,https://brandperception.s3.amazonaws.com/imagenet_eval_top50_middle50_bottom50/glamorous/top50/10522196_469963353140030_354349661_n.jpg,official/gucci/10522196_469963353140030_354349661_n.jpg,https://brandperception.s3.amazonaws.com/imagenet_eval_top50_middle50_bottom50/glamorous/,0.12755352227872363,top50
2403896630,finalized,20,7/31/2019 19:58:03,yes,0.768,victoriassecret,official,,0.982593,10817816_1606523696235474_159155303_n.jpg,https://brandperception.s3.amazonaws.com/imagenet_eval_top50_middle50_bottom50/glamorous/top50/10817816_1606523696235474_159155303_n.jpg,official/victoriassecret/10817816_1606523696235474_159155303_n.jpg,https://brandperception.s3.amazonaws.com/imagenet_eval_top50_middle50_bottom50/glamorous/,0.1543318903235158,top50
2403896631,finalized,20,7/31/2019 20:13:41,no,1.0,drpepper,user,,0.500139,1240212702594112980_497885806.jpg,https://brandperception.s3.amazonaws.com/imagenet_eval_top50_middle50_bottom50/glamorous/middle50/1240212702594112980_497885806.jpg,user/drpepper/1240212702594112980_497885806.jpg,https://brandperception.s3.amazonaws.com/imagenet_eval_top50_middle50_bottom50/glamorous/,0.15693993377009596,middle50
2403896632,finalized,20,7/31/2019 20:31:15,no,0.9615,cocacola,user,,0.000104,1245264251735017795_339182593.jpg,https://brandperception.s3.amazonaws.com/imagenet_eval_top50_middle50_bottom50/glamorous/bottom50/1245264251735017795_339182593.jpg,user/cocacola/1245264251735017795_339182593.jpg,https://brandperception.s3.amazonaws.com/imagenet_eval_top50_middle50_bottom50/glamorous/,0.1599943261808785,bottom50
2403896633,finalized,20,7/31/2019 20:09:44,yes,0.8984,lipton,user,,0.50016,1239936206855985768_2275284853.jpg,https://brandperception.s3.amazonaws.com/imagenet_eval_top50_middle50_bottom50/glamorous/middle50/1239936206855985768_2275284853.jpg,user/lipton/1239936206855985768_2275284853.jpg,https://brandperception.s3.amazonaws.com/imagenet_eval_top50_middle50_bottom50/glamorous/,0.1694487938479402,middle50
2403896634,finalized,20,7/31/2019 19:55:41,yes,1.0,ralphlauren,official,,0.983963,11335158_946299368753802_556298485_n.jpg,https://brandperception.s3.amazonaws.com/imagenet_eval_top50_middle50_bottom50/glamorous/top50/11335158_946299368753802_556298485_n.jpg,official/ralphlauren/11335158_946299368753802_556298485_n.jpg,https://brandperception.s3.amazonaws.com/imagenet_eval_top50_middle50_bottom50/glamorous/,0.17102869201886173,top50
2403896635,finalized,20,7/31/2019 20:13:41,yes,0.5435,abercrombie,official,,0.500131,11078916_504287809721489_832330515_n.jpg,https://brandperception.s3.amazonaws.com/imagenet_eval_top50_middle50_bottom50/glamorous/middle50/11078916_504287809721489_832330515_n.jpg,official/abercrombie/11078916_504287809721489_832330515_n.jpg,https://brandperception.s3.amazonaws.com/imagenet_eval_top50_middle50_bottom50/glamorous/,0.18598760236445788,middle50
2403896636,finalized,20,7/31/2019 20:33:49,yes,0.7517,dolcegabbana,official,,0.985617,11856624_460983710752906_851829205_n.jpg,https://brandperception.s3.amazonaws.com/imagenet_eval_top50_middle50_bottom50/glamorous/top50/11856624_460983710752906_851829205_n.jpg,official/dolcegabbana/11856624_460983710752906_851829205_n.jpg,https://brandperception.s3.amazonaws.com/imagenet_eval_top50_middle50_bottom50/glamorous/,0.18808115989552632,top50
2403896637,finalized,20,7/31/2019 20:31:15,no,0.9152,moetchandon,user,,0.500356,1241181672644575873_230543359.jpg,https://brandperception.s3.amazonaws.com/imagenet_eval_top50_middle50_bottom50/glamorous/middle50/1241181672644575873_230543359.jpg,user/moetchandon/1241181672644575873_230543359.jpg,https://brandperception.s3.amazonaws.com/imagenet_eval_top50_middle50_bottom50/glamorous/,0.20578792946995472,middle50
2403896638,finalized,20,7/31/2019 20:13:41,no,0.8818,welchs,user,,6.0e-05,1136189659989482640_1551217374.jpg,https://brandperception.s3.amazonaws.com/imagenet_eval_top50_middle50_bottom50/glamorous/bottom50/1136189659989482640_1551217374.jpg,user/welchs/1136189659989482640_1551217374.jpg,https://brandperception.s3.amazonaws.com/imagenet_eval_top50_middle50_bottom50/glamorous/,0.20918076991002377,bottom50
2403896639,finalized,20,7/31/2019 20:18:58,no,0.7051,jackdaniels,user,,0.499687,1241569179800603314_1471741441.jpg,https://brandperception.s3.amazonaws.com/imagenet_eval_top50_middle50_bottom50/glamorous/middle50/1241569179800603314_1471741441.jpg,user/jackdaniels/1241569179800603314_1471741441.jpg,https://brandperception.s3.amazonaws.com/imagenet_eval_top50_middle50_bottom50/glamorous/,0.20960155589092788,middle50
2403896640,finalized,20,7/31/2019 19:58:03,yes,1.0,victoriassecret,official,,0.984859,11386565_109489622719647_860677739_n.jpg,https://brandperception.s3.amazonaws.com/imagenet_eval_top50_middle50_bottom50/glamorous/top50/11386565_109489622719647_860677739_n.jpg,official/victoriassecret/11386565_109489622719647_860677739_n.jpg,https://brandperception.s3.amazonaws.com/imagenet_eval_top50_middle50_bottom50/glamorous/,0.21405000399706553,top50
2403896641,finalized,20,7/31/2019 19:54:02,yes,0.7687,dolcegabbana,official,,0.499894,11939546_1656247361325932_43836209_n.jpg,https://brandperception.s3.amazonaws.com/imagenet_eval_top50_middle50_bottom50/glamorous/middle50/11939546_1656247361325932_43836209_n.jpg,official/dolcegabbana/11939546_1656247361325932_43836209_n.jpg,https://brandperception.s3.amazonaws.com/imagenet_eval_top50_middle50_bottom50/glamorous/,0.22523596523912193,middle50
2403896642,finalized,20,7/31/2019 20:31:15,yes,0.5503,dolcegabbana,user,,0.500197,1243318261753547171_1560476249.jpg,https://brandperception.s3.amazonaws.com/imagenet_eval_top50_middle50_bottom50/glamorous/middle50/1243318261753547171_1560476249.jpg,user/dolcegabbana/1243318261753547171_1560476249.jpg,https://brandperception.s3.amazonaws.com/imagenet_eval_top50_middle50_bottom50/glamorous/,0.22956601749714767,middle50
2403896643,finalized,20,7/31/2019 20:31:15,no,0.7777,oshkosh,user,,0.500039,1251248306540305914_2289257358.jpg,https://brandperception.s3.amazonaws.com/imagenet_eval_top50_middle50_bottom50/glamorous/middle50/1251248306540305914_2289257358.jpg,user/oshkosh/1251248306540305914_2289257358.jpg,https://brandperception.s3.amazonaws.com/imagenet_eval_top50_middle50_bottom50/glamorous/,0.23953240862250358,middle50
2403896644,finalized,20,7/31/2019 19:54:02,no,1.0,budweiser,user,,8.5e-05,1249411016211116259_208628659.jpg,https://brandperception.s3.amazonaws.com/imagenet_eval_top50_middle50_bottom50/glamorous/bottom50/1249411016211116259_208628659.jpg,user/budweiser/1249411016211116259_208628659.jpg,https://brandperception.s3.amazonaws.com/imagenet_eval_top50_middle50_bottom50/glamorous/,0.2472667067098432,bottom50
2403896645,finalized,20,7/31/2019 20:33:49,yes,0.7543,victoriassecret,official,,0.990668,1740137_716778921675224_513325779_n.jpg,https://brandperception.s3.amazonaws.com/imagenet_eval_top50_middle50_bottom50/glamorous/top50/1740137_716778921675224_513325779_n.jpg,official/victoriassecret/1740137_716778921675224_513325779_n.jpg,https://brandperception.s3.amazonaws.com/imagenet_eval_top50_middle50_bottom50/glamorous/,0.2554298178821378,top50
2403896646,finalized,20,7/31/2019 20:13:41,yes,0.9573,victoriassecret,user,,0.985781,1242972713509452617_3174878837.jpg,https://brandperception.s3.amazonaws.com/imagenet_eval_top50_middle50_bottom50/glamorous/top50/1242972713509452617_3174878837.jpg,user/victoriassecret/1242972713509452617_3174878837.jpg,https://brandperception.s3.amazonaws.com/imagenet_eval_top50_middle50_bottom50/glamorous/,0.2554302597268244,top50
2403896647,finalized,20,7/31/2019 20:18:58,yes,0.8685,anntaylor,official,,0.985702,11296736_714889671989910_1984516365_n.jpg,https://brandperception.s3.amazonaws.com/imagenet_eval_top50_middle50_bottom50/glamorous/top50/11296736_714889671989910_1984516365_n.jpg,official/anntaylor/11296736_714889671989910_1984516365_n.jpg,https://brandperception.s3.amazonaws.com/imagenet_eval_top50_middle50_bottom50/glamorous/,0.25879272874772485,top50
2403896648,finalized,20,7/31/2019 20:19:56,no,0.8128,abercrombie,official,,0.499776,926015_169931603216372_1566996594_n.jpg,https://brandperception.s3.amazonaws.com/imagenet_eval_top50_middle50_bottom50/glamorous/middle50/926015_169931603216372_1566996594_n.jpg,official/abercrombie/926015_169931603216372_1566996594_n.jpg,https://brandperception.s3.amazonaws.com/imagenet_eval_top50_middle50_bottom50/glamorous/,0.26359544890121267,middle50
2403896649,finalized,20,7/31/2019 20:13:41,no,0.6345,sanpellegrino,user,,0.499887,1238857582585347217_7049894.jpg,https://brandperception.s3.amazonaws.com/imagenet_eval_top50_middle50_bottom50/glamorous/middle50/1238857582585347217_7049894.jpg,user/sanpellegrino/1238857582585347217_7049894.jpg,https://brandperception.s3.amazonaws.com/imagenet_eval_top50_middle50_bottom50/glamorous/,0.26799726952461067,middle50
2403896650,finalized,20,7/31/2019 20:13:41,yes,0.7973,oldnavy,user,,0.983067,1242423583041362428_1522889069.jpg,https://brandperception.s3.amazonaws.com/imagenet_eval_top50_middle50_bottom50/glamorous/top50/1242423583041362428_1522889069.jpg,user/oldnavy/1242423583041362428_1522889069.jpg,https://brandperception.s3.amazonaws.com/imagenet_eval_top50_middle50_bottom50/glamorous/,0.28678630084934065,top50
2403896651,finalized,20,7/31/2019 20:19:56,no,0.965,nesquik,user,,9.5e-05,1246399184334020654_1577901079.jpg,https://brandperception.s3.amazonaws.com/imagenet_eval_top50_middle50_bottom50/glamorous/bottom50/1246399184334020654_1577901079.jpg,user/nesquik/1246399184334020654_1577901079.jpg,https://brandperception.s3.amazonaws.com/imagenet_eval_top50_middle50_bottom50/glamorous/,0.2996068380413097,bottom50
2403896652,finalized,20,7/31/2019 19:55:22,no,0.9058,bacardi,user,,5.9e-05,1240277450660219449_320190481.jpg,https://brandperception.s3.amazonaws.com/imagenet_eval_top50_middle50_bottom50/glamorous/bottom50/1240277450660219449_320190481.jpg,user/bacardi/1240277450660219449_320190481.jpg,https://brandperception.s3.amazonaws.com/imagenet_eval_top50_middle50_bottom50/glamorous/,0.3121220816079653,bottom50
2403896653,finalized,20,7/31/2019 19:55:22,no,1.0,monsterenergy,user,,0.500327,1241916414738183300_168212.jpg,https://brandperception.s3.amazonaws.com/imagenet_eval_top50_middle50_bottom50/glamorous/middle50/1241916414738183300_168212.jpg,user/monsterenergy/1241916414738183300_168212.jpg,https://brandperception.s3.amazonaws.com/imagenet_eval_top50_middle50_bottom50/glamorous/,0.3153052556249929,middle50
2403896654,finalized,20,7/31/2019 20:09:44,yes,0.7889,victoriassecret,official,,0.981478,11375940_503015593193483_515165058_n.jpg,https://brandperception.s3.amazonaws.com/imagenet_eval_top50_middle50_bottom50/glamorous/top50/11375940_503015593193483_515165058_n.jpg,official/victoriassecret/11375940_503015593193483_515165058_n.jpg,https://brandperception.s3.amazonaws.com/imagenet_eval_top50_middle50_bottom50/glamorous/,0.32338906793253874,top50
2403896655,finalized,20,7/31/2019 20:33:49,no,0.7551,sanpellegrino_official,official,,8.0e-05,13329200_1573818726249200_1072347654_n.jpg,https://brandperception.s3.amazonaws.com/imagenet_eval_top50_middle50_bottom50/glamorous/bottom50/13329200_1573818726249200_1072347654_n.jpg,official/sanpellegrino_official/13329200_1573818726249200_1072347654_n.jpg,https://brandperception.s3.amazonaws.com/imagenet_eval_top50_middle50_bottom50/glamorous/,0.324625434658535,bottom50
2403896656,finalized,20,7/31/2019 20:33:49,no,1.0,gatorade,official,,0.499742,1515169_1590411044528243_1449709367_n.jpg,https://brandperception.s3.amazonaws.com/imagenet_eval_top50_middle50_bottom50/glamorous/middle50/1515169_1590411044528243_1449709367_n.jpg,official/gatorade/1515169_1590411044528243_1449709367_n.jpg,https://brandperception.s3.amazonaws.com/imagenet_eval_top50_middle50_bottom50/glamorous/,0.33385397601087363,middle50
2403896657,finalized,20,7/31/2019 20:18:58,yes,0.8984,ralphlauren,official,,0.983102,10950566_1416510271974655_1366707200_n.jpg,https://brandperception.s3.amazonaws.com/imagenet_eval_top50_middle50_bottom50/glamorous/top50/10950566_1416510271974655_1366707200_n.jpg,official/ralphlauren/10950566_1416510271974655_1366707200_n.jpg,https://brandperception.s3.amazonaws.com/imagenet_eval_top50_middle50_bottom50/glamorous/,0.34056365474537575,top50
2403896658,finalized,20,7/31/2019 19:58:03,no,1.0,lipton,official,,0.000135,11240329_1596060333996540_1514098898_n.jpg,https://brandperception.s3.amazonaws.com/imagenet_eval_top50_middle50_bottom50/glamorous/bottom50/11240329_1596060333996540_1514098898_n.jpg,official/lipton/11240329_1596060333996540_1514098898_n.jpg,https://brandperception.s3.amazonaws.com/imagenet_eval_top50_middle50_bottom50/glamorous/,0.3506373837374064,bottom50
2403896659,finalized,20,7/31/2019 19:55:41,yes,0.8479,abercrombie,official,,0.987262,11004992_712601435526723_1109541692_n.jpg,https://brandperception.s3.amazonaws.com/imagenet_eval_top50_middle50_bottom50/glamorous/top50/11004992_712601435526723_1109541692_n.jpg,official/abercrombie/11004992_712601435526723_1109541692_n.jpg,https://brandperception.s3.amazonaws.com/imagenet_eval_top50_middle50_bottom50/glamorous/,0.36120084774551076,top50
2403896660,finalized,20,7/31/2019 20:18:58,no,0.9533,honesttea,user,,0.499693,1121917921556617448_251905437.jpg,https://brandperception.s3.amazonaws.com/imagenet_eval_top50_middle50_bottom50/glamorous/middle50/1121917921556617448_251905437.jpg,user/honesttea/1121917921556617448_251905437.jpg,https://brandperception.s3.amazonaws.com/imagenet_eval_top50_middle50_bottom50/glamorous/,0.3629749662837727,middle50
2403896661,finalized,20,7/31/2019 20:18:58,yes,1.0,victoriassecret,official,,0.991179,12256669_1677275382519463_1738548549_n.jpg,https://brandperception.s3.amazonaws.com/imagenet_eval_top50_middle50_bottom50/glamorous/top50/12256669_1677275382519463_1738548549_n.jpg,official/victoriassecret/12256669_1677275382519463_1738548549_n.jpg,https://brandperception.s3.amazonaws.com/imagenet_eval_top50_middle50_bottom50/glamorous/,0.37634405537277593,top50
2403896662,finalized,20,7/31/2019 20:09:44,yes,0.9498,dolcegabbana,official,,0.98496,11280432_468611143296252_108266575_n.jpg,https://brandperception.s3.amazonaws.com/imagenet_eval_top50_middle50_bottom50/glamorous/top50/11280432_468611143296252_108266575_n.jpg,official/dolcegabbana/11280432_468611143296252_108266575_n.jpg,https://brandperception.s3.amazonaws.com/imagenet_eval_top50_middle50_bottom50/glamorous/,0.3777295968943396,top50
2403896663,finalized,20,7/31/2019 19:55:22,no,0.96,cocacola,user,,3.5e-05,1245060789613459569_1913342909.jpg,https://brandperception.s3.amazonaws.com/imagenet_eval_top50_middle50_bottom50/glamorous/bottom50/1245060789613459569_1913342909.jpg,user/cocacola/1245060789613459569_1913342909.jpg,https://brandperception.s3.amazonaws.com/imagenet_eval_top50_middle50_bottom50/glamorous/,0.39744084205515096,bottom50
2403896664,finalized,20,7/31/2019 20:19:56,no,0.8665,sanpellegrino_official,official,,8.9e-05,11008213_387887778048031_2009236482_n.jpg,https://brandperception.s3.amazonaws.com/imagenet_eval_top50_middle50_bottom50/glamorous/bottom50/11008213_387887778048031_2009236482_n.jpg,official/sanpellegrino_official/11008213_387887778048031_2009236482_n.jpg,https://brandperception.s3.amazonaws.com/imagenet_eval_top50_middle50_bottom50/glamorous/,0.4059296928450854,bottom50
2403896665,finalized,20,7/31/2019 19:55:22,yes,0.9114,victoriassecret,official,,0.985184,12093362_1675437206076266_323412430_n.jpg,https://brandperception.s3.amazonaws.com/imagenet_eval_top50_middle50_bottom50/glamorous/top50/12093362_1675437206076266_323412430_n.jpg,official/victoriassecret/12093362_1675437206076266_323412430_n.jpg,https://brandperception.s3.amazonaws.com/imagenet_eval_top50_middle50_bottom50/glamorous/,0.41821299429320435,top50
2403896666,finalized,20,7/31/2019 19:54:02,no,0.6534,greygoose,user,,0.500308,1239249355471718336_222890384.jpg,https://brandperception.s3.amazonaws.com/imagenet_eval_top50_middle50_bottom50/glamorous/middle50/1239249355471718336_222890384.jpg,user/greygoose/1239249355471718336_222890384.jpg,https://brandperception.s3.amazonaws.com/imagenet_eval_top50_middle50_bottom50/glamorous/,0.4188293037195687,middle50
2403896667,finalized,20,7/31/2019 19:58:03,no,0.7037,welchs,official,,0.499859,12317819_790831587689693_387490483_n.jpg,https://brandperception.s3.amazonaws.com/imagenet_eval_top50_middle50_bottom50/glamorous/middle50/12317819_790831587689693_387490483_n.jpg,official/welchs/12317819_790831587689693_387490483_n.jpg,https://brandperception.s3.amazonaws.com/imagenet_eval_top50_middle50_bottom50/glamorous/,0.44977419006288766,middle50
2403896668,finalized,20,7/31/2019 19:55:22,yes,0.7141,urbanoutfitters,user,,0.986916,1242501388341921127_2304115816.jpg,https://brandperception.s3.amazonaws.com/imagenet_eval_top50_middle50_bottom50/glamorous/top50/1242501388341921127_2304115816.jpg,user/urbanoutfitters/1242501388341921127_2304115816.jpg,https://brandperception.s3.amazonaws.com/imagenet_eval_top50_middle50_bottom50/glamorous/,0.46225756946888197,top50
2403896669,finalized,20,7/31/2019 19:54:02,yes,0.8167,victoriassecret,official,,0.988625,11296672_382917778560576_1328914995_n.jpg,https://brandperception.s3.amazonaws.com/imagenet_eval_top50_middle50_bottom50/glamorous/top50/11296672_382917778560576_1328914995_n.jpg,official/victoriassecret/11296672_382917778560576_1328914995_n.jpg,https://brandperception.s3.amazonaws.com/imagenet_eval_top50_middle50_bottom50/glamorous/,0.4728329579000997,top50
2403896670,finalized,20,7/31/2019 19:55:22,no,0.96,bigelowtea,official,,0.000113,13129730_1862062994021036_265142267_n.jpg,https://brandperception.s3.amazonaws.com/imagenet_eval_top50_middle50_bottom50/glamorous/bottom50/13129730_1862062994021036_265142267_n.jpg,official/bigelowtea/13129730_1862062994021036_265142267_n.jpg,https://brandperception.s3.amazonaws.com/imagenet_eval_top50_middle50_bottom50/glamorous/,0.4857455954665608,bottom50
2403896671,finalized,20,7/31/2019 19:55:41,yes,0.5058,guess,official,,0.499684,11246084_998240463534268_1261336239_n.jpg,https://brandperception.s3.amazonaws.com/imagenet_eval_top50_middle50_bottom50/glamorous/middle50/11246084_998240463534268_1261336239_n.jpg,official/guess/11246084_998240463534268_1261336239_n.jpg,https://brandperception.s3.amazonaws.com/imagenet_eval_top50_middle50_bottom50/glamorous/,0.4885528086340849,middle50
2403896672,finalized,20,7/31/2019 20:33:49,yes,0.9086,dolcegabbana,official,,0.986708,11280201_917295291662475_1459860404_n.jpg,https://brandperception.s3.amazonaws.com/imagenet_eval_top50_middle50_bottom50/glamorous/top50/11280201_917295291662475_1459860404_n.jpg,official/dolcegabbana/11280201_917295291662475_1459860404_n.jpg,https://brandperception.s3.amazonaws.com/imagenet_eval_top50_middle50_bottom50/glamorous/,0.49031388652641894,top50
2403896673,finalized,20,7/31/2019 19:58:03,no,0.7161,bananarepublic,official,,0.499901,11199550_833035526779155_1814725607_n.jpg,https://brandperception.s3.amazonaws.com/imagenet_eval_top50_middle50_bottom50/glamorous/middle50/11199550_833035526779155_1814725607_n.jpg,official/bananarepublic/11199550_833035526779155_1814725607_n.jpg,https://brandperception.s3.amazonaws.com/imagenet_eval_top50_middle50_bottom50/glamorous/,0.500748226960461,middle50
2403896674,finalized,20,7/31/2019 19:55:41,no,0.9562,cocacola,user,,3.9e-05,1244863705867389227_1737055033.jpg,https://brandperception.s3.amazonaws.com/imagenet_eval_top50_middle50_bottom50/glamorous/bottom50/1244863705867389227_1737055033.jpg,user/cocacola/1244863705867389227_1737055033.jpg,https://brandperception.s3.amazonaws.com/imagenet_eval_top50_middle50_bottom50/glamorous/,0.5075254968676611,bottom50
2403896675,finalized,20,7/31/2019 19:54:02,no,0.6336,carhartt,user,,0.499606,1239956603777982199_1821966414.jpg,https://brandperception.s3.amazonaws.com/imagenet_eval_top50_middle50_bottom50/glamorous/middle50/1239956603777982199_1821966414.jpg,user/carhartt/1239956603777982199_1821966414.jpg,https://brandperception.s3.amazonaws.com/imagenet_eval_top50_middle50_bottom50/glamorous/,0.5108160751563231,middle50
2403896676,finalized,20,7/31/2019 19:55:22,yes,0.7671,victoriassecret,official,,0.992331,1661857_269624233195807_168177940_n.jpg,https://brandperception.s3.amazonaws.com/imagenet_eval_top50_middle50_bottom50/glamorous/top50/1661857_269624233195807_168177940_n.jpg,official/victoriassecret/1661857_269624233195807_168177940_n.jpg,https://brandperception.s3.amazonaws.com/imagenet_eval_top50_middle50_bottom50/glamorous/,0.516291295047385,top50
2403896677,finalized,20,7/31/2019 20:31:15,no,0.9615,motts,user,,4.0e-06,1063804712109248842_1493962595.jpg,https://brandperception.s3.amazonaws.com/imagenet_eval_top50_middle50_bottom50/glamorous/bottom50/1063804712109248842_1493962595.jpg,user/motts/1063804712109248842_1493962595.jpg,https://brandperception.s3.amazonaws.com/imagenet_eval_top50_middle50_bottom50/glamorous/,0.5367147148576986,bottom50
2403896678,finalized,20,7/31/2019 20:18:58,no,0.9249,minutemaid,user,,6.2e-05,1177750484499609918_2211852349.jpg,https://brandperception.s3.amazonaws.com/imagenet_eval_top50_middle50_bottom50/glamorous/bottom50/1177750484499609918_2211852349.jpg,user/minutemaid/1177750484499609918_2211852349.jpg,https://brandperception.s3.amazonaws.com/imagenet_eval_top50_middle50_bottom50/glamorous/,0.5374803097364809,bottom50
2403896679,finalized,20,7/31/2019 20:33:49,no,0.6131,abercrombie,official,,0.499832,10296836_232214430311454_1656460558_n.jpg,https://brandperception.s3.amazonaws.com/imagenet_eval_top50_middle50_bottom50/glamorous/middle50/10296836_232214430311454_1656460558_n.jpg,official/abercrombie/10296836_232214430311454_1656460558_n.jpg,https://brandperception.s3.amazonaws.com/imagenet_eval_top50_middle50_bottom50/glamorous/,0.5638983635902013,middle50
2403896680,finalized,20,7/31/2019 20:31:15,no,0.9115,swissmiss,user,,0.500028,1224823875023687772_1279598347.jpg,https://brandperception.s3.amazonaws.com/imagenet_eval_top50_middle50_bottom50/glamorous/middle50/1224823875023687772_1279598347.jpg,user/swissmiss/1224823875023687772_1279598347.jpg,https://brandperception.s3.amazonaws.com/imagenet_eval_top50_middle50_bottom50/glamorous/,0.5653692717930445,middle50
2403896681,finalized,20,7/31/2019 20:18:58,no,0.9169,jcrew,user,,0.499902,1251590483232025978_1966239986.jpg,https://brandperception.s3.amazonaws.com/imagenet_eval_top50_middle50_bottom50/glamorous/middle50/1251590483232025978_1966239986.jpg,user/jcrew/1251590483232025978_1966239986.jpg,https://brandperception.s3.amazonaws.com/imagenet_eval_top50_middle50_bottom50/glamorous/,0.586670639932579,middle50
2403896682,finalized,20,7/31/2019 20:09:44,no,0.8233,joeboxer,user,,0.500401,1029458704422779772_1817900877.jpg,https://brandperception.s3.amazonaws.com/imagenet_eval_top50_middle50_bottom50/glamorous/middle50/1029458704422779772_1817900877.jpg,user/joeboxer/1029458704422779772_1817900877.jpg,https://brandperception.s3.amazonaws.com/imagenet_eval_top50_middle50_bottom50/glamorous/,0.5887388557822042,middle50
2403896683,finalized,20,7/31/2019 20:19:56,no,0.965,honesttea,user,,0.000123,1228957292536353877_2542364180.jpg,https://brandperception.s3.amazonaws.com/imagenet_eval_top50_middle50_bottom50/glamorous/bottom50/1228957292536353877_2542364180.jpg,user/honesttea/1228957292536353877_2542364180.jpg,https://brandperception.s3.amazonaws.com/imagenet_eval_top50_middle50_bottom50/glamorous/,0.5972928515038829,bottom50
2403896684,finalized,20,7/31/2019 20:13:41,yes,0.8248,kennethcole,official,,0.50002,917827_549794728447931_1204087139_n.jpg,https://brandperception.s3.amazonaws.com/imagenet_eval_top50_middle50_bottom50/glamorous/middle50/917827_549794728447931_1204087139_n.jpg,official/kennethcole/917827_549794728447931_1204087139_n.jpg,https://brandperception.s3.amazonaws.com/imagenet_eval_top50_middle50_bottom50/glamorous/,0.5975735529840657,middle50
2403896685,finalized,20,7/31/2019 20:13:41,no,0.7533,juicycouture,official,,0.499976,924370_519752694817110_1806464539_n.jpg,https://brandperception.s3.amazonaws.com/imagenet_eval_top50_middle50_bottom50/glamorous/middle50/924370_519752694817110_1806464539_n.jpg,official/juicycouture/924370_519752694817110_1806464539_n.jpg,https://brandperception.s3.amazonaws.com/imagenet_eval_top50_middle50_bottom50/glamorous/,0.5997209086371056,middle50
2403896686,finalized,20,7/31/2019 20:13:41,no,0.5259,juicycouture,official,,0.987809,10246229_652017988187468_2069330820_n.jpg,https://brandperception.s3.amazonaws.com/imagenet_eval_top50_middle50_bottom50/glamorous/top50/10246229_652017988187468_2069330820_n.jpg,official/juicycouture/10246229_652017988187468_2069330820_n.jpg,https://brandperception.s3.amazonaws.com/imagenet_eval_top50_middle50_bottom50/glamorous/,0.6079105249361113,top50
2403896687,finalized,20,7/31/2019 19:54:02,yes,1.0,hanes,user,,0.990317,1222389032211010722_1674989436.jpg,https://brandperception.s3.amazonaws.com/imagenet_eval_top50_middle50_bottom50/glamorous/top50/1222389032211010722_1674989436.jpg,user/hanes/1222389032211010722_1674989436.jpg,https://brandperception.s3.amazonaws.com/imagenet_eval_top50_middle50_bottom50/glamorous/,0.6079384552506328,top50
2403896688,finalized,20,7/31/2019 20:33:49,yes,0.8616,victoriassecret,official,,0.99014,12383251_1110529708992180_1097631384_n.jpg,https://brandperception.s3.amazonaws.com/imagenet_eval_top50_middle50_bottom50/glamorous/top50/12383251_1110529708992180_1097631384_n.jpg,official/victoriassecret/12383251_1110529708992180_1097631384_n.jpg,https://brandperception.s3.amazonaws.com/imagenet_eval_top50_middle50_bottom50/glamorous/,0.6152097553274511,top50
2403896689,finalized,20,7/31/2019 20:09:44,no,0.7965,oshkosh,user,,0.500365,1250504677999437450_1790086976.jpg,https://brandperception.s3.amazonaws.com/imagenet_eval_top50_middle50_bottom50/glamorous/middle50/1250504677999437450_1790086976.jpg,user/oshkosh/1250504677999437450_1790086976.jpg,https://brandperception.s3.amazonaws.com/imagenet_eval_top50_middle50_bottom50/glamorous/,0.6192334855107343,middle50
2403896690,finalized,20,7/31/2019 19:55:41,no,1.0,drpepper,user,,0.00013,1237340675647218585_2136036543.jpg,https://brandperception.s3.amazonaws.com/imagenet_eval_top50_middle50_bottom50/glamorous/bottom50/1237340675647218585_2136036543.jpg,user/drpepper/1237340675647218585_2136036543.jpg,https://brandperception.s3.amazonaws.com/imagenet_eval_top50_middle50_bottom50/glamorous/,0.6203422134809156,bottom50
2403896691,finalized,20,7/31/2019 20:33:49,yes,0.8085,urbanoutfitters,user,,0.985781,1242972713509452617_3174878837.jpg,https://brandperception.s3.amazonaws.com/imagenet_eval_top50_middle50_bottom50/glamorous/top50/1242972713509452617_3174878837.jpg,user/urbanoutfitters/1242972713509452617_3174878837.jpg,https://brandperception.s3.amazonaws.com/imagenet_eval_top50_middle50_bottom50/glamorous/,0.6216373562360276,top50
2403896692,finalized,20,7/31/2019 19:58:03,no,1.0,bacardi,user,,0.000135,1241939216091931510_2307229695.jpg,https://brandperception.s3.amazonaws.com/imagenet_eval_top50_middle50_bottom50/glamorous/bottom50/1241939216091931510_2307229695.jpg,user/bacardi/1241939216091931510_2307229695.jpg,https://brandperception.s3.amazonaws.com/imagenet_eval_top50_middle50_bottom50/glamorous/,0.6376764801080658,bottom50
2403896693,finalized,20,7/31/2019 20:18:58,no,0.5636,juicycouture,user,,0.990905,1242759769348260130_494092447.jpg,https://brandperception.s3.amazonaws.com/imagenet_eval_top50_middle50_bottom50/glamorous/top50/1242759769348260130_494092447.jpg,user/juicycouture/1242759769348260130_494092447.jpg,https://brandperception.s3.amazonaws.com/imagenet_eval_top50_middle50_bottom50/glamorous/,0.6390184876668992,top50
2403896694,finalized,20,7/31/2019 19:55:22,no,0.6342,juicycouture,user,,0.50031,1241386147740589039_1735987757.jpg,https://brandperception.s3.amazonaws.com/imagenet_eval_top50_middle50_bottom50/glamorous/middle50/1241386147740589039_1735987757.jpg,user/juicycouture/1241386147740589039_1735987757.jpg,https://brandperception.s3.amazonaws.com/imagenet_eval_top50_middle50_bottom50/glamorous/,0.6392619044664479,middle50
2403896695,finalized,20,7/31/2019 20:13:41,yes,0.9484,ralphlauren,official,,0.499797,12142595_1516467278646006_280078298_n.jpg,https://brandperception.s3.amazonaws.com/imagenet_eval_top50_middle50_bottom50/glamorous/middle50/12142595_1516467278646006_280078298_n.jpg,official/ralphlauren/12142595_1516467278646006_280078298_n.jpg,https://brandperception.s3.amazonaws.com/imagenet_eval_top50_middle50_bottom50/glamorous/,0.6413173073338546,middle50
2403896696,finalized,20,7/31/2019 19:58:03,no,0.9106,vitaminwater,user,,9.0e-05,1236416047432174583_36014705.jpg,https://brandperception.s3.amazonaws.com/imagenet_eval_top50_middle50_bottom50/glamorous/bottom50/1236416047432174583_36014705.jpg,user/vitaminwater/1236416047432174583_36014705.jpg,https://brandperception.s3.amazonaws.com/imagenet_eval_top50_middle50_bottom50/glamorous/,0.649922692450502,bottom50
2403896697,finalized,20,7/31/2019 19:54:02,no,0.8192,juicycouture,official,,8.1e-05,11199458_107505079580464_2110791028_n.jpg,https://brandperception.s3.amazonaws.com/imagenet_eval_top50_middle50_bottom50/glamorous/bottom50/11199458_107505079580464_2110791028_n.jpg,official/juicycouture/11199458_107505079580464_2110791028_n.jpg,https://brandperception.s3.amazonaws.com/imagenet_eval_top50_middle50_bottom50/glamorous/,0.6499679180164298,bottom50
2403896698,finalized,20,7/31/2019 20:09:44,no,0.8835,sanpellegrino,user,,0.000117,1245037762848785491_617080800.jpg,https://brandperception.s3.amazonaws.com/imagenet_eval_top50_middle50_bottom50/glamorous/bottom50/1245037762848785491_617080800.jpg,user/sanpellegrino/1245037762848785491_617080800.jpg,https://brandperception.s3.amazonaws.com/imagenet_eval_top50_middle50_bottom50/glamorous/,0.6526947513335258,bottom50
2403896699,finalized,20,7/31/2019 20:31:15,yes,1.0,dolcegabbana,official,,0.989446,11265681_513325245489496_1041724334_n.jpg,https://brandperception.s3.amazonaws.com/imagenet_eval_top50_middle50_bottom50/glamorous/top50/11265681_513325245489496_1041724334_n.jpg,official/dolcegabbana/11265681_513325245489496_1041724334_n.jpg,https://brandperception.s3.amazonaws.com/imagenet_eval_top50_middle50_bottom50/glamorous/,0.6585236397682968,top50
2403896700,finalized,20,7/31/2019 20:19:56,no,0.9216,cocacola,user,,3.1e-05,1244923971213165479_31355479.jpg,https://brandperception.s3.amazonaws.com/imagenet_eval_top50_middle50_bottom50/glamorous/bottom50/1244923971213165479_31355479.jpg,user/cocacola/1244923971213165479_31355479.jpg,https://brandperception.s3.amazonaws.com/imagenet_eval_top50_middle50_bottom50/glamorous/,0.67081764587008,bottom50
2403896701,finalized,20,7/31/2019 20:09:44,no,0.9244,swissmiss,user,,3.8e-05,1237804483462059178_2976712324.jpg,https://brandperception.s3.amazonaws.com/imagenet_eval_top50_middle50_bottom50/glamorous/bottom50/1237804483462059178_2976712324.jpg,user/swissmiss/1237804483462059178_2976712324.jpg,https://brandperception.s3.amazonaws.com/imagenet_eval_top50_middle50_bottom50/glamorous/,0.6721281587490093,bottom50
2403896702,finalized,20,7/31/2019 20:19:56,no,0.9216,lipton,user,,9.3e-05,1238447150701157485_328622246.jpg,https://brandperception.s3.amazonaws.com/imagenet_eval_top50_middle50_bottom50/glamorous/bottom50/1238447150701157485_328622246.jpg,user/lipton/1238447150701157485_328622246.jpg,https://brandperception.s3.amazonaws.com/imagenet_eval_top50_middle50_bottom50/glamorous/,0.6779231513461704,bottom50
2403896703,finalized,20,7/31/2019 19:54:02,no,0.5806,abercrombie,user,,0.499829,1241066190081225574_366870635.jpg,https://brandperception.s3.amazonaws.com/imagenet_eval_top50_middle50_bottom50/glamorous/middle50/1241066190081225574_366870635.jpg,user/abercrombie/1241066190081225574_366870635.jpg,https://brandperception.s3.amazonaws.com/imagenet_eval_top50_middle50_bottom50/glamorous/,0.6857294629707853,middle50
2403896704,finalized,20,7/31/2019 19:55:41,yes,0.7412,juicycouture,user,,0.500145,1237117208435192488_1536684955.jpg,https://brandperception.s3.amazonaws.com/imagenet_eval_top50_middle50_bottom50/glamorous/middle50/1237117208435192488_1536684955.jpg,user/juicycouture/1237117208435192488_1536684955.jpg,https://brandperception.s3.amazonaws.com/imagenet_eval_top50_middle50_bottom50/glamorous/,0.6915210966249965,middle50
2403896705,finalized,20,7/31/2019 20:09:44,no,0.9244,honesttea,user,,2.5e-05,1072519023243151545_1664494209.jpg,https://brandperception.s3.amazonaws.com/imagenet_eval_top50_middle50_bottom50/glamorous/bottom50/1072519023243151545_1664494209.jpg,user/honesttea/1072519023243151545_1664494209.jpg,https://brandperception.s3.amazonaws.com/imagenet_eval_top50_middle50_bottom50/glamorous/,0.6948335125290622,bottom50
2403896707,finalized,20,7/31/2019 21:40:45,yes,0.7568,victoriassecret,official,,0.985483,10665518_287437864779752_2065292832_n.jpg,https://brandperception.s3.amazonaws.com/imagenet_eval_top50_middle50_bottom50/glamorous/top50/10665518_287437864779752_2065292832_n.jpg,official/victoriassecret/10665518_287437864779752_2065292832_n.jpg,https://brandperception.s3.amazonaws.com/imagenet_eval_top50_middle50_bottom50/glamorous/,0.7063948822823249,top50
2403896708,finalized,20,7/31/2019 21:39:02,yes,0.9556,dolcegabbana,official,,0.984884,11191093_379529018915761_1709712369_n.jpg,https://brandperception.s3.amazonaws.com/imagenet_eval_top50_middle50_bottom50/glamorous/top50/11191093_379529018915761_1709712369_n.jpg,official/dolcegabbana/11191093_379529018915761_1709712369_n.jpg,https://brandperception.s3.amazonaws.com/imagenet_eval_top50_middle50_bottom50/glamorous/,0.7125451614081999,top50
2403896709,finalized,20,7/31/2019 21:40:45,no,1.0,tommyhilfiger,user,,0.499894,1251630497795685062_3194872573.jpg,https://brandperception.s3.amazonaws.com/imagenet_eval_top50_middle50_bottom50/glamorous/middle50/1251630497795685062_3194872573.jpg,user/tommyhilfiger/1251630497795685062_3194872573.jpg,https://brandperception.s3.amazonaws.com/imagenet_eval_top50_middle50_bottom50/glamorous/,0.7252696253210684,middle50
2403896710,finalized,20,7/31/2019 21:41:21,no,0.9658,tazo,user,,0.000132,1225903803463698616_282124161.jpg,https://brandperception.s3.amazonaws.com/imagenet_eval_top50_middle50_bottom50/glamorous/bottom50/1225903803463698616_282124161.jpg,user/tazo/1225903803463698616_282124161.jpg,https://brandperception.s3.amazonaws.com/imagenet_eval_top50_middle50_bottom50/glamorous/,0.7278674967445742,bottom50
2403896711,finalized,20,7/31/2019 21:41:21,no,0.5586,adidas,user,,0.499747,1243348383879880217_2144243542.jpg,https://brandperception.s3.amazonaws.com/imagenet_eval_top50_middle50_bottom50/glamorous/middle50/1243348383879880217_2144243542.jpg,user/adidas/1243348383879880217_2144243542.jpg,https://brandperception.s3.amazonaws.com/imagenet_eval_top50_middle50_bottom50/glamorous/,0.7301117585574234,middle50
2403896712,finalized,20,7/31/2019 21:39:02,yes,0.9052,dolcegabbana,official,,0.988338,11007802_644418972330594_855182350_n.jpg,https://brandperception.s3.amazonaws.com/imagenet_eval_top50_middle50_bottom50/glamorous/top50/11007802_644418972330594_855182350_n.jpg,official/dolcegabbana/11007802_644418972330594_855182350_n.jpg,https://brandperception.s3.amazonaws.com/imagenet_eval_top50_middle50_bottom50/glamorous/,0.7344938787716504,top50
2403896713,finalized,20,7/31/2019 21:48:23,yes,0.5962,victoriassecret,official,,0.499802,13398828_1383050295042388_648624492_n.jpg,https://brandperception.s3.amazonaws.com/imagenet_eval_top50_middle50_bottom50/glamorous/middle50/13398828_1383050295042388_648624492_n.jpg,official/victoriassecret/13398828_1383050295042388_648624492_n.jpg,https://brandperception.s3.amazonaws.com/imagenet_eval_top50_middle50_bottom50/glamorous/,0.7417753549973883,middle50
2403896714,finalized,20,7/31/2019 22:12:35,yes,0.6193,victoriassecret,official,,0.986655,12071181_139984556354795_1743709666_n.jpg,https://brandperception.s3.amazonaws.com/imagenet_eval_top50_middle50_bottom50/glamorous/top50/12071181_139984556354795_1743709666_n.jpg,official/victoriassecret/12071181_139984556354795_1743709666_n.jpg,https://brandperception.s3.amazonaws.com/imagenet_eval_top50_middle50_bottom50/glamorous/,0.7520383064177292,top50
2403896715,finalized,20,7/31/2019 21:39:02,yes,0.6488,victoriassecret,official,,0.987636,10569955_777581938946568_2024199154_n.jpg,https://brandperception.s3.amazonaws.com/imagenet_eval_top50_middle50_bottom50/glamorous/top50/10569955_777581938946568_2024199154_n.jpg,official/victoriassecret/10569955_777581938946568_2024199154_n.jpg,https://brandperception.s3.amazonaws.com/imagenet_eval_top50_middle50_bottom50/glamorous/,0.7655431525095465,top50
2403896716,finalized,20,7/31/2019 22:12:35,yes,0.9191,victoriassecret,official,,0.990977,11280412_493680967461060_1698864592_n.jpg,https://brandperception.s3.amazonaws.com/imagenet_eval_top50_middle50_bottom50/glamorous/top50/11280412_493680967461060_1698864592_n.jpg,official/victoriassecret/11280412_493680967461060_1698864592_n.jpg,https://brandperception.s3.amazonaws.com/imagenet_eval_top50_middle50_bottom50/glamorous/,0.7667098739684728,top50
2403896717,finalized,20,7/31/2019 21:41:21,no,0.9658,honesttea,user,,0.000136,1238697518771562945_218455601.jpg,https://brandperception.s3.amazonaws.com/imagenet_eval_top50_middle50_bottom50/glamorous/bottom50/1238697518771562945_218455601.jpg,user/honesttea/1238697518771562945_218455601.jpg,https://brandperception.s3.amazonaws.com/imagenet_eval_top50_middle50_bottom50/glamorous/,0.7765473966063091,bottom50
2403896718,finalized,20,7/31/2019 21:40:45,no,0.8185,lipton,user,,9.8e-05,1235376417914649169_2314008229.jpg,https://brandperception.s3.amazonaws.com/imagenet_eval_top50_middle50_bottom50/glamorous/bottom50/1235376417914649169_2314008229.jpg,user/lipton/1235376417914649169_2314008229.jpg,https://brandperception.s3.amazonaws.com/imagenet_eval_top50_middle50_bottom50/glamorous/,0.7774013351119612,bottom50
2403896719,finalized,20,7/31/2019 22:12:35,no,0.9628,underarmour,official,,0.499812,11184500_1657918981109241_649136002_n.jpg,https://brandperception.s3.amazonaws.com/imagenet_eval_top50_middle50_bottom50/glamorous/middle50/11184500_1657918981109241_649136002_n.jpg,official/underarmour/11184500_1657918981109241_649136002_n.jpg,https://brandperception.s3.amazonaws.com/imagenet_eval_top50_middle50_bottom50/glamorous/,0.7833721697129004,middle50
2403896720,finalized,20,7/31/2019 21:41:21,no,0.8474,gatorade,user,,0.500262,1239913003511151799_1776987782.jpg,https://brandperception.s3.amazonaws.com/imagenet_eval_top50_middle50_bottom50/glamorous/middle50/1239913003511151799_1776987782.jpg,user/gatorade/1239913003511151799_1776987782.jpg,https://brandperception.s3.amazonaws.com/imagenet_eval_top50_middle50_bottom50/glamorous/,0.8060827578515163,middle50
2403896721,finalized,20,7/31/2019 22:12:35,no,1.0,bigelow,user,,0.500361,1122998110680010206_1272945274.jpg,https://brandperception.s3.amazonaws.com/imagenet_eval_top50_middle50_bottom50/glamorous/middle50/1122998110680010206_1272945274.jpg,user/bigelow/1122998110680010206_1272945274.jpg,https://brandperception.s3.amazonaws.com/imagenet_eval_top50_middle50_bottom50/glamorous/,0.8076105258941375,middle50
2403896722,finalized,20,7/31/2019 21:41:21,no,1.0,swissmiss,user,,0.000114,1210658611239748140_1292433487.jpg,https://brandperception.s3.amazonaws.com/imagenet_eval_top50_middle50_bottom50/glamorous/bottom50/1210658611239748140_1292433487.jpg,user/swissmiss/1210658611239748140_1292433487.jpg,https://brandperception.s3.amazonaws.com/imagenet_eval_top50_middle50_bottom50/glamorous/,0.8290836988056425,bottom50
2403896723,finalized,20,7/31/2019 22:12:35,no,0.9489,abercrombie,user,,0.500273,1241126901716635249_225205018.jpg,https://brandperception.s3.amazonaws.com/imagenet_eval_top50_middle50_bottom50/glamorous/middle50/1241126901716635249_225205018.jpg,user/abercrombie/1241126901716635249_225205018.jpg,https://brandperception.s3.amazonaws.com/imagenet_eval_top50_middle50_bottom50/glamorous/,0.8304783612116423,middle50
2403896724,finalized,20,7/31/2019 22:12:35,yes,0.82,lipton,user,,0.50016,1241682815092513423_2275284853.jpg,https://brandperception.s3.amazonaws.com/imagenet_eval_top50_middle50_bottom50/glamorous/middle50/1241682815092513423_2275284853.jpg,user/lipton/1241682815092513423_2275284853.jpg,https://brandperception.s3.amazonaws.com/imagenet_eval_top50_middle50_bottom50/glamorous/,0.8315587587094462,middle50
2403896725,finalized,20,7/31/2019 21:40:45,no,0.9659,cocacola,user,,0.0001,1245266612933941447_337451333.jpg,https://brandperception.s3.amazonaws.com/imagenet_eval_top50_middle50_bottom50/glamorous/bottom50/1245266612933941447_337451333.jpg,user/cocacola/1245266612933941447_337451333.jpg,https://brandperception.s3.amazonaws.com/imagenet_eval_top50_middle50_bottom50/glamorous/,0.8346932518626291,bottom50
2403896726,finalized,20,7/31/2019 21:41:21,no,0.9658,bigelow,user,,0.000108,1126789420627766251_211128049.jpg,https://brandperception.s3.amazonaws.com/imagenet_eval_top50_middle50_bottom50/glamorous/bottom50/1126789420627766251_211128049.jpg,user/bigelow/1126789420627766251_211128049.jpg,https://brandperception.s3.amazonaws.com/imagenet_eval_top50_middle50_bottom50/glamorous/,0.838825781257509,bottom50
2403896727,finalized,20,7/31/2019 21:48:23,no,1.0,welchs,user,,9.7e-05,1167219977711530009_1634568851.jpg,https://brandperception.s3.amazonaws.com/imagenet_eval_top50_middle50_bottom50/glamorous/bottom50/1167219977711530009_1634568851.jpg,user/welchs/1167219977711530009_1634568851.jpg,https://brandperception.s3.amazonaws.com/imagenet_eval_top50_middle50_bottom50/glamorous/,0.8406084111707881,bottom50
2403896728,finalized,20,7/31/2019 21:39:02,no,0.851,corona,user,,0.499697,1241489278110848632_1410644148.jpg,https://brandperception.s3.amazonaws.com/imagenet_eval_top50_middle50_bottom50/glamorous/middle50/1241489278110848632_1410644148.jpg,user/corona/1241489278110848632_1410644148.jpg,https://brandperception.s3.amazonaws.com/imagenet_eval_top50_middle50_bottom50/glamorous/,0.8597510571994488,middle50
2403896729,finalized,20,7/31/2019 21:40:45,no,0.8188,honesttea,official,,0.500394,12424756_261124687555933_1672676548_n.jpg,https://brandperception.s3.amazonaws.com/imagenet_eval_top50_middle50_bottom50/glamorous/middle50/12424756_261124687555933_1672676548_n.jpg,official/honesttea/12424756_261124687555933_1672676548_n.jpg,https://brandperception.s3.amazonaws.com/imagenet_eval_top50_middle50_bottom50/glamorous/,0.861310856023391,middle50
2403896730,finalized,20,7/31/2019 21:48:23,no,0.7233,gucci,official,,0.499663,10375663_558750617573134_158440555_n.jpg,https://brandperception.s3.amazonaws.com/imagenet_eval_top50_middle50_bottom50/glamorous/middle50/10375663_558750617573134_158440555_n.jpg,official/gucci/10375663_558750617573134_158440555_n.jpg,https://brandperception.s3.amazonaws.com/imagenet_eval_top50_middle50_bottom50/glamorous/,0.8629961851553822,middle50
2403896731,finalized,20,7/31/2019 21:48:23,yes,0.6473,victoriassecret,official,,0.983274,10617017_681125188641132_1365198426_n.jpg,https://brandperception.s3.amazonaws.com/imagenet_eval_top50_middle50_bottom50/glamorous/top50/10617017_681125188641132_1365198426_n.jpg,official/victoriassecret/10617017_681125188641132_1365198426_n.jpg,https://brandperception.s3.amazonaws.com/imagenet_eval_top50_middle50_bottom50/glamorous/,0.8654452738354332,top50
2403896732,finalized,20,7/31/2019 21:41:21,yes,0.5511,victoriassecret,user,,0.981481,1242990358140169485_1598442954.jpg,https://brandperception.s3.amazonaws.com/imagenet_eval_top50_middle50_bottom50/glamorous/top50/1242990358140169485_1598442954.jpg,user/victoriassecret/1242990358140169485_1598442954.jpg,https://brandperception.s3.amazonaws.com/imagenet_eval_top50_middle50_bottom50/glamorous/,0.8660898128037013,top50
2403896733,finalized,20,7/31/2019 21:40:45,no,0.9659,sanpellegrino,user,,4.5e-05,1244884820505630155_2190950228.jpg,https://brandperception.s3.amazonaws.com/imagenet_eval_top50_middle50_bottom50/glamorous/bottom50/1244884820505630155_2190950228.jpg,user/sanpellegrino/1244884820505630155_2190950228.jpg,https://brandperception.s3.amazonaws.com/imagenet_eval_top50_middle50_bottom50/glamorous/,0.8708729698221764,bottom50
2403896734,finalized,20,7/31/2019 21:40:45,yes,0.8542,jcrew,user,,0.499967,1251749002866350792_9074885.jpg,https://brandperception.s3.amazonaws.com/imagenet_eval_top50_middle50_bottom50/glamorous/middle50/1251749002866350792_9074885.jpg,user/jcrew/1251749002866350792_9074885.jpg,https://brandperception.s3.amazonaws.com/imagenet_eval_top50_middle50_bottom50/glamorous/,0.871627796049065,middle50
2403896735,finalized,20,7/31/2019 21:41:21,no,0.9168,honesttea,user,,9.7e-05,1122499725393951973_588666310.jpg,https://brandperception.s3.amazonaws.com/imagenet_eval_top50_middle50_bottom50/glamorous/bottom50/1122499725393951973_588666310.jpg,user/honesttea/1122499725393951973_588666310.jpg,https://brandperception.s3.amazonaws.com/imagenet_eval_top50_middle50_bottom50/glamorous/,0.8754544667944041,bottom50
2403896736,finalized,20,7/31/2019 22:12:35,no,0.9034,sanpellegrino,user,,8.9e-05,1244230188439326726_1058708987.jpg,https://brandperception.s3.amazonaws.com/imagenet_eval_top50_middle50_bottom50/glamorous/bottom50/1244230188439326726_1058708987.jpg,user/sanpellegrino/1244230188439326726_1058708987.jpg,https://brandperception.s3.amazonaws.com/imagenet_eval_top50_middle50_bottom50/glamorous/,0.8776736597143561,bottom50
2403896737,finalized,20,7/31/2019 21:39:02,no,0.9144,sanpellegrino,user,,7.4e-05,1238562538302872956_2910722438.jpg,https://brandperception.s3.amazonaws.com/imagenet_eval_top50_middle50_bottom50/glamorous/bottom50/1238562538302872956_2910722438.jpg,user/sanpellegrino/1238562538302872956_2910722438.jpg,https://brandperception.s3.amazonaws.com/imagenet_eval_top50_middle50_bottom50/glamorous/,0.883241861856371,bottom50
2403896738,finalized,20,7/31/2019 21:41:21,no,0.6583,anntaylor,user,,0.500018,1237046999768736740_30042919.jpg,https://brandperception.s3.amazonaws.com/imagenet_eval_top50_middle50_bottom50/glamorous/middle50/1237046999768736740_30042919.jpg,user/anntaylor/1237046999768736740_30042919.jpg,https://brandperception.s3.amazonaws.com/imagenet_eval_top50_middle50_bottom50/glamorous/,0.9040134292049211,middle50
2403896739,finalized,20,7/31/2019 21:40:45,no,0.7648,guess,user,,0.499788,1243348516035262010_1638304764.jpg,https://brandperception.s3.amazonaws.com/imagenet_eval_top50_middle50_bottom50/glamorous/middle50/1243348516035262010_1638304764.jpg,user/guess/1243348516035262010_1638304764.jpg,https://brandperception.s3.amazonaws.com/imagenet_eval_top50_middle50_bottom50/glamorous/,0.9072640599395984,middle50
2403896740,finalized,20,7/31/2019 22:12:35,yes,0.7227,victoriassecret,user,,0.982229,1243348301656001890_686844770.jpg,https://brandperception.s3.amazonaws.com/imagenet_eval_top50_middle50_bottom50/glamorous/top50/1243348301656001890_686844770.jpg,user/victoriassecret/1243348301656001890_686844770.jpg,https://brandperception.s3.amazonaws.com/imagenet_eval_top50_middle50_bottom50/glamorous/,0.9093638615649433,top50
2403896741,finalized,20,7/31/2019 21:40:45,no,0.9149,underarmour,user,,7.3e-05,1242893887920713951_2542460299.jpg,https://brandperception.s3.amazonaws.com/imagenet_eval_top50_middle50_bottom50/glamorous/bottom50/1242893887920713951_2542460299.jpg,user/underarmour/1242893887920713951_2542460299.jpg,https://brandperception.s3.amazonaws.com/imagenet_eval_top50_middle50_bottom50/glamorous/,0.9160657186993372,bottom50
2403896742,finalized,20,7/31/2019 21:39:02,no,0.9144,sanpellegrino,user,,0.000137,1241338146575290928_192624291.jpg,https://brandperception.s3.amazonaws.com/imagenet_eval_top50_middle50_bottom50/glamorous/bottom50/1241338146575290928_192624291.jpg,user/sanpellegrino/1241338146575290928_192624291.jpg,https://brandperception.s3.amazonaws.com/imagenet_eval_top50_middle50_bottom50/glamorous/,0.9186485231148097,bottom50
2403896743,finalized,20,7/31/2019 21:48:23,yes,0.904,victoriassecret,official,,0.98438,1172246_554868227926172_721301188_n.jpg,https://brandperception.s3.amazonaws.com/imagenet_eval_top50_middle50_bottom50/glamorous/top50/1172246_554868227926172_721301188_n.jpg,official/victoriassecret/1172246_554868227926172_721301188_n.jpg,https://brandperception.s3.amazonaws.com/imagenet_eval_top50_middle50_bottom50/glamorous/,0.9196418794586112,top50
2403896744,finalized,20,7/31/2019 21:48:23,yes,0.8513,dolcegabbana,official,,0.991797,10895273_580275598740479_933435362_n.jpg,https://brandperception.s3.amazonaws.com/imagenet_eval_top50_middle50_bottom50/glamorous/top50/10895273_580275598740479_933435362_n.jpg,official/dolcegabbana/10895273_580275598740479_933435362_n.jpg,https://brandperception.s3.amazonaws.com/imagenet_eval_top50_middle50_bottom50/glamorous/,0.9331851250234223,top50
2403896745,finalized,20,7/31/2019 21:40:45,no,1.0,underarmour,user,,0.499873,1243095137430767407_3133536248.jpg,https://brandperception.s3.amazonaws.com/imagenet_eval_top50_middle50_bottom50/glamorous/middle50/1243095137430767407_3133536248.jpg,user/underarmour/1243095137430767407_3133536248.jpg,https://brandperception.s3.amazonaws.com/imagenet_eval_top50_middle50_bottom50/glamorous/,0.9466712885929115,middle50
2403896746,finalized,20,7/31/2019 21:48:23,yes,0.8972,ralphlauren,official,,0.989601,11249951_418748538295188_1396016225_n.jpg,https://brandperception.s3.amazonaws.com/imagenet_eval_top50_middle50_bottom50/glamorous/top50/11249951_418748538295188_1396016225_n.jpg,official/ralphlauren/11249951_418748538295188_1396016225_n.jpg,https://brandperception.s3.amazonaws.com/imagenet_eval_top50_middle50_bottom50/glamorous/,0.9494791619628021,top50
2403896747,finalized,20,7/31/2019 21:48:23,no,0.9652,honesttea,user,,0.000136,1210151720001825558_218455601.jpg,https://brandperception.s3.amazonaws.com/imagenet_eval_top50_middle50_bottom50/glamorous/bottom50/1210151720001825558_218455601.jpg,user/honesttea/1210151720001825558_218455601.jpg,https://brandperception.s3.amazonaws.com/imagenet_eval_top50_middle50_bottom50/glamorous/,0.9503021809062129,bottom50
2403896748,finalized,20,7/31/2019 22:12:35,no,0.8528,motts,user,,0.000118,1088732765152693732_1450079178.jpg,https://brandperception.s3.amazonaws.com/imagenet_eval_top50_middle50_bottom50/glamorous/bottom50/1088732765152693732_1450079178.jpg,user/motts/1088732765152693732_1450079178.jpg,https://brandperception.s3.amazonaws.com/imagenet_eval_top50_middle50_bottom50/glamorous/,0.9551345650102869,bottom50
2403896749,finalized,20,7/31/2019 21:48:23,no,0.9269,sanpellegrino,user,,6.4e-05,1245157652541092303_465726163.jpg,https://brandperception.s3.amazonaws.com/imagenet_eval_top50_middle50_bottom50/glamorous/bottom50/1245157652541092303_465726163.jpg,user/sanpellegrino/1245157652541092303_465726163.jpg,https://brandperception.s3.amazonaws.com/imagenet_eval_top50_middle50_bottom50/glamorous/,0.9628996749204511,bottom50
2403896750,finalized,20,7/31/2019 21:39:02,yes,0.7031,victoriassecret,official,,0.98501,11245883_683907978387578_1517267873_n.jpg,https://brandperception.s3.amazonaws.com/imagenet_eval_top50_middle50_bottom50/glamorous/top50/11245883_683907978387578_1517267873_n.jpg,official/victoriassecret/11245883_683907978387578_1517267873_n.jpg,https://brandperception.s3.amazonaws.com/imagenet_eval_top50_middle50_bottom50/glamorous/,0.9711287873890092,top50
2403896751,finalized,20,7/31/2019 21:39:02,yes,1.0,ralphlauren,official,,0.998605,11208355_649227208540556_388240820_n.jpg,https://brandperception.s3.amazonaws.com/imagenet_eval_top50_middle50_bottom50/glamorous/top50/11208355_649227208540556_388240820_n.jpg,official/ralphlauren/11208355_649227208540556_388240820_n.jpg,https://brandperception.s3.amazonaws.com/imagenet_eval_top50_middle50_bottom50/glamorous/,0.9789161876810194,top50
2403896752,finalized,20,7/31/2019 21:39:02,no,1.0,honesttea,official,,6.9e-05,11203381_1590571134546709_266677889_n.jpg,https://brandperception.s3.amazonaws.com/imagenet_eval_top50_middle50_bottom50/glamorous/bottom50/11203381_1590571134546709_266677889_n.jpg,official/honesttea/11203381_1590571134546709_266677889_n.jpg,https://brandperception.s3.amazonaws.com/imagenet_eval_top50_middle50_bottom50/glamorous/,0.9912277818461437,bottom50
2403896753,finalized,20,7/31/2019 22:12:35,yes,0.9191,dolcegabbana,official,,0.982532,926740_572815486149892_743318932_n.jpg,https://brandperception.s3.amazonaws.com/imagenet_eval_top50_middle50_bottom50/glamorous/top50/926740_572815486149892_743318932_n.jpg,official/dolcegabbana/926740_572815486149892_743318932_n.jpg,https://brandperception.s3.amazonaws.com/imagenet_eval_top50_middle50_bottom50/glamorous/,0.9919383397759358,top50
2403896754,finalized,20,7/31/2019 21:41:21,yes,0.5975,tommyhilfiger,official,,0.984413,12353815_180278942324830_815405400_n.jpg,https://brandperception.s3.amazonaws.com/imagenet_eval_top50_middle50_bottom50/glamorous/top50/12353815_180278942324830_815405400_n.jpg,official/tommyhilfiger/12353815_180278942324830_815405400_n.jpg,https://brandperception.s3.amazonaws.com/imagenet_eval_top50_middle50_bottom50/glamorous/,0.9921581549548563,top50
2403896755,finalized,20,7/31/2019 21:48:23,yes,0.6465,dolcegabbana,official,,0.988294,11190220_1146166628733779_440442844_n.jpg,https://brandperception.s3.amazonaws.com/imagenet_eval_top50_middle50_bottom50/glamorous/top50/11190220_1146166628733779_440442844_n.jpg,official/dolcegabbana/11190220_1146166628733779_440442844_n.jpg,https://brandperception.s3.amazonaws.com/imagenet_eval_top50_middle50_bottom50/glamorous/,0.9982594634755543,top50
2403896756,finalized,20,7/31/2019 21:39:02,no,1.0,swissmiss,user,,0.000112,1180517812483390714_1077271534.jpg,https://brandperception.s3.amazonaws.com/imagenet_eval_top50_middle50_bottom50/glamorous/bottom50/1180517812483390714_1077271534.jpg,user/swissmiss/1180517812483390714_1077271534.jpg,https://brandperception.s3.amazonaws.com/imagenet_eval_top50_middle50_bottom50/glamorous/,0.9995724488608956,bottom50
