_unit_id,_unit_state,_trusted_judgments,_last_judgment_at,healthy,healthy:confidence,brand,consumer_official,healthy_gold,healthy_prob,image_name,image_url,original_image_location,prefix,rand,top_middle_bottom
2404042753,finalized,20,7/31/2019 20:19:38,yes,0.9545,honesttea,user,,0.994931,1122499725393951973_588666310.jpg,https://brandperception.s3.amazonaws.com/imagenet_eval_top50_middle50_bottom50/healthy/top50/1122499725393951973_588666310.jpg,user/honesttea/1122499725393951973_588666310.jpg,https://brandperception.s3.amazonaws.com/imagenet_eval_top50_middle50_bottom50/healthy/,0.017486422562684067,top50
2404042754,finalized,20,7/31/2019 19:59:24,yes,0.8464,motts,user,,0.994816,1011886447341196298_39819980.jpg,https://brandperception.s3.amazonaws.com/imagenet_eval_top50_middle50_bottom50/healthy/top50/1011886447341196298_39819980.jpg,user/motts/1011886447341196298_39819980.jpg,https://brandperception.s3.amazonaws.com/imagenet_eval_top50_middle50_bottom50/healthy/,0.01811978748506371,top50
2404042755,finalized,20,7/31/2019 20:19:38,no,0.8097,welchs,user,,0.500193,1178785488313169553_56029780.jpg,https://brandperception.s3.amazonaws.com/imagenet_eval_top50_middle50_bottom50/healthy/middle50/1178785488313169553_56029780.jpg,user/welchs/1178785488313169553_56029780.jpg,https://brandperception.s3.amazonaws.com/imagenet_eval_top50_middle50_bottom50/healthy/,0.02254479195652359,middle50
2404042756,finalized,20,7/31/2019 20:23:13,no,0.711,juicycouture,official,,0.986014,11259942_412141338968980_87107877_n.jpg,https://brandperception.s3.amazonaws.com/imagenet_eval_top50_middle50_bottom50/healthy/top50/11259942_412141338968980_87107877_n.jpg,official/juicycouture/11259942_412141338968980_87107877_n.jpg,https://brandperception.s3.amazonaws.com/imagenet_eval_top50_middle50_bottom50/healthy/,0.023577066311586292,top50
2404042757,finalized,20,7/31/2019 19:57:38,no,1.0,budlight,user,,0.500146,1243108391359527584_653594781.jpg,https://brandperception.s3.amazonaws.com/imagenet_eval_top50_middle50_bottom50/healthy/middle50/1243108391359527584_653594781.jpg,user/budlight/1243108391359527584_653594781.jpg,https://brandperception.s3.amazonaws.com/imagenet_eval_top50_middle50_bottom50/healthy/,0.0240084162805817,middle50
2404042758,finalized,20,7/31/2019 20:23:13,yes,1.0,bananarepublic,official,,0.995324,11190822_969782993040601_1145535585_n.jpg,https://brandperception.s3.amazonaws.com/imagenet_eval_top50_middle50_bottom50/healthy/top50/11190822_969782993040601_1145535585_n.jpg,official/bananarepublic/11190822_969782993040601_1145535585_n.jpg,https://brandperception.s3.amazonaws.com/imagenet_eval_top50_middle50_bottom50/healthy/,0.028969956553078657,top50
2404042759,finalized,20,7/31/2019 20:35:46,yes,0.8652,corona,official,,0.986769,11283325_699319290201572_1756760547_n.jpg,https://brandperception.s3.amazonaws.com/imagenet_eval_top50_middle50_bottom50/healthy/top50/11283325_699319290201572_1756760547_n.jpg,official/corona/11283325_699319290201572_1756760547_n.jpg,https://brandperception.s3.amazonaws.com/imagenet_eval_top50_middle50_bottom50/healthy/,0.03885780940580641,top50
2404042760,finalized,20,7/31/2019 20:20:12,no,0.9535,korbel,user,,0.0004,1237352122659270648_206082970.jpg,https://brandperception.s3.amazonaws.com/imagenet_eval_top50_middle50_bottom50/healthy/bottom50/1237352122659270648_206082970.jpg,user/korbel/1237352122659270648_206082970.jpg,https://brandperception.s3.amazonaws.com/imagenet_eval_top50_middle50_bottom50/healthy/,0.043268061190845364,bottom50
2404042761,finalized,20,7/31/2019 19:59:24,no,0.8835,levis,official,,0.000467,11189858_925654780788070_1961381607_n.jpg,https://brandperception.s3.amazonaws.com/imagenet_eval_top50_middle50_bottom50/healthy/bottom50/11189858_925654780788070_1961381607_n.jpg,official/levis/11189858_925654780788070_1961381607_n.jpg,https://brandperception.s3.amazonaws.com/imagenet_eval_top50_middle50_bottom50/healthy/,0.04952762756537332,bottom50
2404042762,finalized,20,7/31/2019 20:20:12,no,0.8146,drpepper,user,,0.500069,1242134838252501958_3179297909.jpg,https://brandperception.s3.amazonaws.com/imagenet_eval_top50_middle50_bottom50/healthy/middle50/1242134838252501958_3179297909.jpg,user/drpepper/1242134838252501958_3179297909.jpg,https://brandperception.s3.amazonaws.com/imagenet_eval_top50_middle50_bottom50/healthy/,0.05261858366423966,middle50
2404042763,finalized,20,7/31/2019 20:18:26,no,0.8194,urbanoutfitters,user,,0.000593,1019689827113286107_49217733.jpg,https://brandperception.s3.amazonaws.com/imagenet_eval_top50_middle50_bottom50/healthy/bottom50/1019689827113286107_49217733.jpg,user/urbanoutfitters/1019689827113286107_49217733.jpg,https://brandperception.s3.amazonaws.com/imagenet_eval_top50_middle50_bottom50/healthy/,0.05998749480541821,bottom50
2404042764,finalized,20,7/31/2019 20:19:38,yes,0.6867,minutemaid,user,,0.499832,1217882607852916334_1766438266.jpg,https://brandperception.s3.amazonaws.com/imagenet_eval_top50_middle50_bottom50/healthy/middle50/1217882607852916334_1766438266.jpg,user/minutemaid/1217882607852916334_1766438266.jpg,https://brandperception.s3.amazonaws.com/imagenet_eval_top50_middle50_bottom50/healthy/,0.06148825524115953,middle50
2404042765,finalized,20,7/31/2019 20:23:13,no,0.7594,abercrombie,official,,0.000308,1515940_242730852569425_884026369_n.jpg,https://brandperception.s3.amazonaws.com/imagenet_eval_top50_middle50_bottom50/healthy/bottom50/1515940_242730852569425_884026369_n.jpg,official/abercrombie/1515940_242730852569425_884026369_n.jpg,https://brandperception.s3.amazonaws.com/imagenet_eval_top50_middle50_bottom50/healthy/,0.07080556351421041,bottom50
2404042766,finalized,20,7/31/2019 19:59:24,no,0.9675,domperignon,user,,0.000416,1240774294917763072_1430285147.jpg,https://brandperception.s3.amazonaws.com/imagenet_eval_top50_middle50_bottom50/healthy/bottom50/1240774294917763072_1430285147.jpg,user/domperignon/1240774294917763072_1430285147.jpg,https://brandperception.s3.amazonaws.com/imagenet_eval_top50_middle50_bottom50/healthy/,0.07741943300165954,bottom50
2404042767,finalized,20,7/31/2019 20:23:13,yes,0.8081,jackdaniels,user,,0.984789,1241934625258521825_2127289784.jpg,https://brandperception.s3.amazonaws.com/imagenet_eval_top50_middle50_bottom50/healthy/top50/1241934625258521825_2127289784.jpg,user/jackdaniels/1241934625258521825_2127289784.jpg,https://brandperception.s3.amazonaws.com/imagenet_eval_top50_middle50_bottom50/healthy/,0.0920302050454157,top50
2404042768,finalized,20,7/31/2019 20:20:41,yes,0.9523,bigelow,user,,0.99296,1191754049225155257_444738255.jpg,https://brandperception.s3.amazonaws.com/imagenet_eval_top50_middle50_bottom50/healthy/top50/1191754049225155257_444738255.jpg,user/bigelow/1191754049225155257_444738255.jpg,https://brandperception.s3.amazonaws.com/imagenet_eval_top50_middle50_bottom50/healthy/,0.0926380888474202,top50
2404042769,finalized,20,7/31/2019 20:18:26,no,0.6667,llbean,official,,0.000368,924098_1642985575990082_2072456980_n.jpg,https://brandperception.s3.amazonaws.com/imagenet_eval_top50_middle50_bottom50/healthy/bottom50/924098_1642985575990082_2072456980_n.jpg,official/llbean/924098_1642985575990082_2072456980_n.jpg,https://brandperception.s3.amazonaws.com/imagenet_eval_top50_middle50_bottom50/healthy/,0.09513780030340535,bottom50
2404042770,finalized,20,7/31/2019 20:19:38,no,0.8129,honesttea,user,,0.500095,1242213488010551957_366706111.jpg,https://brandperception.s3.amazonaws.com/imagenet_eval_top50_middle50_bottom50/healthy/middle50/1242213488010551957_366706111.jpg,user/honesttea/1242213488010551957_366706111.jpg,https://brandperception.s3.amazonaws.com/imagenet_eval_top50_middle50_bottom50/healthy/,0.09569216194830332,middle50
2404042771,finalized,20,7/31/2019 20:18:26,yes,0.6344,minutemaid,user,,0.986089,1216657541538672630_2952183482.jpg,https://brandperception.s3.amazonaws.com/imagenet_eval_top50_middle50_bottom50/healthy/top50/1216657541538672630_2952183482.jpg,user/minutemaid/1216657541538672630_2952183482.jpg,https://brandperception.s3.amazonaws.com/imagenet_eval_top50_middle50_bottom50/healthy/,0.10016143459168003,top50
2404042772,finalized,20,7/31/2019 20:20:41,no,0.8624,greygoose,user,,0.499797,1241452330131999410_1943781617.jpg,https://brandperception.s3.amazonaws.com/imagenet_eval_top50_middle50_bottom50/healthy/middle50/1241452330131999410_1943781617.jpg,user/greygoose/1241452330131999410_1943781617.jpg,https://brandperception.s3.amazonaws.com/imagenet_eval_top50_middle50_bottom50/healthy/,0.10254591199981389,middle50
2404042773,finalized,20,7/31/2019 20:00:34,no,0.5777,jcrew,official,,0.000325,10249239_264202047094305_1893650455_n.jpg,https://brandperception.s3.amazonaws.com/imagenet_eval_top50_middle50_bottom50/healthy/bottom50/10249239_264202047094305_1893650455_n.jpg,official/jcrew/10249239_264202047094305_1893650455_n.jpg,https://brandperception.s3.amazonaws.com/imagenet_eval_top50_middle50_bottom50/healthy/,0.10306223597487185,bottom50
2404042774,finalized,20,7/31/2019 20:18:26,no,0.6019,jcrew,official,,0.499844,10518262_1528167690739669_2011278164_n.jpg,https://brandperception.s3.amazonaws.com/imagenet_eval_top50_middle50_bottom50/healthy/middle50/10518262_1528167690739669_2011278164_n.jpg,official/jcrew/10518262_1528167690739669_2011278164_n.jpg,https://brandperception.s3.amazonaws.com/imagenet_eval_top50_middle50_bottom50/healthy/,0.11344644907848889,middle50
2404042775,finalized,20,7/31/2019 20:35:46,yes,0.5464,domperignon,user,,0.49999,1244525234791390880_1765734102.jpg,https://brandperception.s3.amazonaws.com/imagenet_eval_top50_middle50_bottom50/healthy/middle50/1244525234791390880_1765734102.jpg,user/domperignon/1244525234791390880_1765734102.jpg,https://brandperception.s3.amazonaws.com/imagenet_eval_top50_middle50_bottom50/healthy/,0.11559482286668377,middle50
2404042776,finalized,20,7/31/2019 20:19:38,yes,0.5386,urbanoutfitters,official,,0.000544,1515352_417810761682523_1502098135_n.jpg,https://brandperception.s3.amazonaws.com/imagenet_eval_top50_middle50_bottom50/healthy/bottom50/1515352_417810761682523_1502098135_n.jpg,official/urbanoutfitters/1515352_417810761682523_1502098135_n.jpg,https://brandperception.s3.amazonaws.com/imagenet_eval_top50_middle50_bottom50/healthy/,0.1237663550290582,bottom50
2404042777,finalized,20,7/31/2019 19:57:38,yes,0.5513,motts,user,,0.995393,1144529432845831502_1450079178.jpg,https://brandperception.s3.amazonaws.com/imagenet_eval_top50_middle50_bottom50/healthy/top50/1144529432845831502_1450079178.jpg,user/motts/1144529432845831502_1450079178.jpg,https://brandperception.s3.amazonaws.com/imagenet_eval_top50_middle50_bottom50/healthy/,0.13394794349931727,top50
2404042778,finalized,20,7/31/2019 20:00:34,yes,0.9675,motts,user,,0.996816,1181529876684054376_1521414326.jpg,https://brandperception.s3.amazonaws.com/imagenet_eval_top50_middle50_bottom50/healthy/top50/1181529876684054376_1521414326.jpg,user/motts/1181529876684054376_1521414326.jpg,https://brandperception.s3.amazonaws.com/imagenet_eval_top50_middle50_bottom50/healthy/,0.13669670914600973,top50
2404042779,finalized,20,7/31/2019 20:20:41,no,0.8516,guess,official,,0.499903,11098227_673758622770572_785602393_n.jpg,https://brandperception.s3.amazonaws.com/imagenet_eval_top50_middle50_bottom50/healthy/middle50/11098227_673758622770572_785602393_n.jpg,official/guess/11098227_673758622770572_785602393_n.jpg,https://brandperception.s3.amazonaws.com/imagenet_eval_top50_middle50_bottom50/healthy/,0.14172683262833352,middle50
2404042780,finalized,20,7/31/2019 20:35:46,no,0.5896,vitaminwater,user,,0.500012,1224044367759680435_26517183.jpg,https://brandperception.s3.amazonaws.com/imagenet_eval_top50_middle50_bottom50/healthy/middle50/1224044367759680435_26517183.jpg,user/vitaminwater/1224044367759680435_26517183.jpg,https://brandperception.s3.amazonaws.com/imagenet_eval_top50_middle50_bottom50/healthy/,0.15280010966451518,middle50
2404042781,finalized,20,7/31/2019 20:20:41,yes,1.0,snapple,user,,0.994263,1242149379184612419_259784436.jpg,https://brandperception.s3.amazonaws.com/imagenet_eval_top50_middle50_bottom50/healthy/top50/1242149379184612419_259784436.jpg,user/snapple/1242149379184612419_259784436.jpg,https://brandperception.s3.amazonaws.com/imagenet_eval_top50_middle50_bottom50/healthy/,0.16513753557385868,top50
2404042782,finalized,20,7/31/2019 20:00:00,no,0.9601,fanta,user,,0.499843,1238707822679337586_1203554905.jpg,https://brandperception.s3.amazonaws.com/imagenet_eval_top50_middle50_bottom50/healthy/middle50/1238707822679337586_1203554905.jpg,user/fanta/1238707822679337586_1203554905.jpg,https://brandperception.s3.amazonaws.com/imagenet_eval_top50_middle50_bottom50/healthy/,0.16568481989129924,middle50
2404042783,finalized,20,7/31/2019 20:00:34,yes,0.9675,tazo,user,,0.99584,1202280016948378902_2827554238.jpg,https://brandperception.s3.amazonaws.com/imagenet_eval_top50_middle50_bottom50/healthy/top50/1202280016948378902_2827554238.jpg,user/tazo/1202280016948378902_2827554238.jpg,https://brandperception.s3.amazonaws.com/imagenet_eval_top50_middle50_bottom50/healthy/,0.17623666836765794,top50
2404042784,finalized,20,7/31/2019 20:00:34,yes,0.5025,minutemaid,user,,0.499833,1199940026144223270_2234131627.jpg,https://brandperception.s3.amazonaws.com/imagenet_eval_top50_middle50_bottom50/healthy/middle50/1199940026144223270_2234131627.jpg,user/minutemaid/1199940026144223270_2234131627.jpg,https://brandperception.s3.amazonaws.com/imagenet_eval_top50_middle50_bottom50/healthy/,0.20460610981239724,middle50
2404042785,finalized,20,7/31/2019 20:20:12,no,1.0,vitaminwater,official,,0.000106,11176335_1579238449018896_1551269832_n.jpg,https://brandperception.s3.amazonaws.com/imagenet_eval_top50_middle50_bottom50/healthy/bottom50/11176335_1579238449018896_1551269832_n.jpg,official/vitaminwater/11176335_1579238449018896_1551269832_n.jpg,https://brandperception.s3.amazonaws.com/imagenet_eval_top50_middle50_bottom50/healthy/,0.20963923995617328,bottom50
2404042786,finalized,20,7/31/2019 19:57:38,no,0.898,cocacola,user,,0.499902,1245226186729421674_1364695349.jpg,https://brandperception.s3.amazonaws.com/imagenet_eval_top50_middle50_bottom50/healthy/middle50/1245226186729421674_1364695349.jpg,user/cocacola/1245226186729421674_1364695349.jpg,https://brandperception.s3.amazonaws.com/imagenet_eval_top50_middle50_bottom50/healthy/,0.21994278351767527,middle50
2404042787,finalized,20,7/31/2019 20:19:38,no,0.9083,dolcegabbana,official,,0.000557,13437143_1113901165335735_1995463178_n.jpg,https://brandperception.s3.amazonaws.com/imagenet_eval_top50_middle50_bottom50/healthy/bottom50/13437143_1113901165335735_1995463178_n.jpg,official/dolcegabbana/13437143_1113901165335735_1995463178_n.jpg,https://brandperception.s3.amazonaws.com/imagenet_eval_top50_middle50_bottom50/healthy/,0.235638673369451,bottom50
2404042788,finalized,20,7/31/2019 19:57:38,no,0.6823,adidas,official,,0.000325,915568_787406387957021_286972332_n.jpg,https://brandperception.s3.amazonaws.com/imagenet_eval_top50_middle50_bottom50/healthy/bottom50/915568_787406387957021_286972332_n.jpg,official/adidas/915568_787406387957021_286972332_n.jpg,https://brandperception.s3.amazonaws.com/imagenet_eval_top50_middle50_bottom50/healthy/,0.2371210473386005,bottom50
2404042789,finalized,20,7/31/2019 20:35:46,yes,0.9189,lipton,official,,0.994204,11326837_1591167971003867_118274502_n.jpg,https://brandperception.s3.amazonaws.com/imagenet_eval_top50_middle50_bottom50/healthy/top50/11326837_1591167971003867_118274502_n.jpg,official/lipton/11326837_1591167971003867_118274502_n.jpg,https://brandperception.s3.amazonaws.com/imagenet_eval_top50_middle50_bottom50/healthy/,0.24194765836233245,top50
2404042790,finalized,20,7/31/2019 20:35:46,yes,0.5374,jcrew,official,,0.499895,11240336_1435797616721681_1176696007_n.jpg,https://brandperception.s3.amazonaws.com/imagenet_eval_top50_middle50_bottom50/healthy/middle50/11240336_1435797616721681_1176696007_n.jpg,official/jcrew/11240336_1435797616721681_1176696007_n.jpg,https://brandperception.s3.amazonaws.com/imagenet_eval_top50_middle50_bottom50/healthy/,0.2573411611267472,middle50
2404042791,finalized,20,7/31/2019 19:59:24,no,0.9172,cocacola,user,,0.500185,1245024834613050711_1642867462.jpg,https://brandperception.s3.amazonaws.com/imagenet_eval_top50_middle50_bottom50/healthy/middle50/1245024834613050711_1642867462.jpg,user/cocacola/1245024834613050711_1642867462.jpg,https://brandperception.s3.amazonaws.com/imagenet_eval_top50_middle50_bottom50/healthy/,0.2676667239165691,middle50
2404042792,finalized,20,7/31/2019 20:23:13,yes,0.5002,nesquik,user,,0.500183,1232738907521183201_435291690.jpg,https://brandperception.s3.amazonaws.com/imagenet_eval_top50_middle50_bottom50/healthy/middle50/1232738907521183201_435291690.jpg,user/nesquik/1232738907521183201_435291690.jpg,https://brandperception.s3.amazonaws.com/imagenet_eval_top50_middle50_bottom50/healthy/,0.2778738479747149,middle50
2404042793,finalized,20,7/31/2019 20:19:38,no,0.9589,urbanoutfitters,official,,0.000447,1538408_214804348702932_1502273641_n.jpg,https://brandperception.s3.amazonaws.com/imagenet_eval_top50_middle50_bottom50/healthy/bottom50/1538408_214804348702932_1502273641_n.jpg,official/urbanoutfitters/1538408_214804348702932_1502273641_n.jpg,https://brandperception.s3.amazonaws.com/imagenet_eval_top50_middle50_bottom50/healthy/,0.2803986088330823,bottom50
2404042794,finalized,20,7/31/2019 20:18:26,no,0.9165,dolcegabbana,official,,0.500172,11350871_1654753561423864_445297009_n.jpg,https://brandperception.s3.amazonaws.com/imagenet_eval_top50_middle50_bottom50/healthy/middle50/11350871_1654753561423864_445297009_n.jpg,official/dolcegabbana/11350871_1654753561423864_445297009_n.jpg,https://brandperception.s3.amazonaws.com/imagenet_eval_top50_middle50_bottom50/healthy/,0.2846806653944888,middle50
2404042795,finalized,20,7/31/2019 20:23:13,yes,0.7512,motts,user,,0.995937,1088732765152693732_1450079178.jpg,https://brandperception.s3.amazonaws.com/imagenet_eval_top50_middle50_bottom50/healthy/top50/1088732765152693732_1450079178.jpg,user/motts/1088732765152693732_1450079178.jpg,https://brandperception.s3.amazonaws.com/imagenet_eval_top50_middle50_bottom50/healthy/,0.2931754215090109,top50
2404042796,finalized,20,7/31/2019 20:20:12,no,0.9416,prada,official,,0.499816,12960114_523277234464180_1470070019_n.jpg,https://brandperception.s3.amazonaws.com/imagenet_eval_top50_middle50_bottom50/healthy/middle50/12960114_523277234464180_1470070019_n.jpg,official/prada/12960114_523277234464180_1470070019_n.jpg,https://brandperception.s3.amazonaws.com/imagenet_eval_top50_middle50_bottom50/healthy/,0.30454248723257005,middle50
2404042797,finalized,20,7/31/2019 20:00:34,no,0.7858,lipton,user,,0.000523,1239981547507368305_1437128535.jpg,https://brandperception.s3.amazonaws.com/imagenet_eval_top50_middle50_bottom50/healthy/bottom50/1239981547507368305_1437128535.jpg,user/lipton/1239981547507368305_1437128535.jpg,https://brandperception.s3.amazonaws.com/imagenet_eval_top50_middle50_bottom50/healthy/,0.3070902763735688,bottom50
2404042798,finalized,20,7/31/2019 19:59:24,no,0.8341,adidas,official,,0.987786,925717_1375460716035942_1743550915_n.jpg,https://brandperception.s3.amazonaws.com/imagenet_eval_top50_middle50_bottom50/healthy/top50/925717_1375460716035942_1743550915_n.jpg,official/adidas/925717_1375460716035942_1743550915_n.jpg,https://brandperception.s3.amazonaws.com/imagenet_eval_top50_middle50_bottom50/healthy/,0.31222972136056193,top50
2404042799,finalized,20,7/31/2019 20:18:26,no,0.806,corona,user,,0.000359,1241786626708089532_279004361.jpg,https://brandperception.s3.amazonaws.com/imagenet_eval_top50_middle50_bottom50/healthy/bottom50/1241786626708089532_279004361.jpg,user/corona/1241786626708089532_279004361.jpg,https://brandperception.s3.amazonaws.com/imagenet_eval_top50_middle50_bottom50/healthy/,0.31866768337102047,bottom50
2404042800,finalized,20,7/31/2019 20:20:12,no,0.6121,bigelow,user,,0.000488,1195310828998691030_239052369.jpg,https://brandperception.s3.amazonaws.com/imagenet_eval_top50_middle50_bottom50/healthy/bottom50/1195310828998691030_239052369.jpg,user/bigelow/1195310828998691030_239052369.jpg,https://brandperception.s3.amazonaws.com/imagenet_eval_top50_middle50_bottom50/healthy/,0.3206100416953295,bottom50
2404042801,finalized,20,7/31/2019 20:35:46,no,0.95,kennethcole,user,,0.499921,1235949121369834614_2177708360.jpg,https://brandperception.s3.amazonaws.com/imagenet_eval_top50_middle50_bottom50/healthy/middle50/1235949121369834614_2177708360.jpg,user/kennethcole/1235949121369834614_2177708360.jpg,https://brandperception.s3.amazonaws.com/imagenet_eval_top50_middle50_bottom50/healthy/,0.33506994330843953,middle50
2404042802,finalized,20,7/31/2019 20:00:00,no,0.7804,coorslight,official,,0.000147,11203491_1578184345789502_1866295692_n.jpg,https://brandperception.s3.amazonaws.com/imagenet_eval_top50_middle50_bottom50/healthy/bottom50/11203491_1578184345789502_1866295692_n.jpg,official/coorslight/11203491_1578184345789502_1866295692_n.jpg,https://brandperception.s3.amazonaws.com/imagenet_eval_top50_middle50_bottom50/healthy/,0.343909584733053,bottom50
2404042803,finalized,20,7/31/2019 20:19:38,no,0.5127,monsterenergy,official,,0.000441,11033004_888280871236256_1424264856_n.jpg,https://brandperception.s3.amazonaws.com/imagenet_eval_top50_middle50_bottom50/healthy/bottom50/11033004_888280871236256_1424264856_n.jpg,official/monsterenergy/11033004_888280871236256_1424264856_n.jpg,https://brandperception.s3.amazonaws.com/imagenet_eval_top50_middle50_bottom50/healthy/,0.348307740317257,bottom50
2404042804,finalized,20,7/31/2019 20:20:41,no,0.5534,adidas,official,,0.000435,10607984_301744583341497_1231900613_n.jpg,https://brandperception.s3.amazonaws.com/imagenet_eval_top50_middle50_bottom50/healthy/bottom50/10607984_301744583341497_1231900613_n.jpg,official/adidas/10607984_301744583341497_1231900613_n.jpg,https://brandperception.s3.amazonaws.com/imagenet_eval_top50_middle50_bottom50/healthy/,0.3528813006950866,bottom50
2404042805,finalized,20,7/31/2019 20:00:00,yes,0.5045,drpepper,official,,0.992944,10954861_1012587345437363_53607987_n.jpg,https://brandperception.s3.amazonaws.com/imagenet_eval_top50_middle50_bottom50/healthy/top50/10954861_1012587345437363_53607987_n.jpg,official/drpepper/10954861_1012587345437363_53607987_n.jpg,https://brandperception.s3.amazonaws.com/imagenet_eval_top50_middle50_bottom50/healthy/,0.35818710484778515,top50
2404042806,finalized,20,7/31/2019 20:20:12,no,0.9125,jcrew,official,,0.499802,924423_415241018614160_2118011949_n.jpg,https://brandperception.s3.amazonaws.com/imagenet_eval_top50_middle50_bottom50/healthy/middle50/924423_415241018614160_2118011949_n.jpg,official/jcrew/924423_415241018614160_2118011949_n.jpg,https://brandperception.s3.amazonaws.com/imagenet_eval_top50_middle50_bottom50/healthy/,0.3626208816659787,middle50
2404042807,finalized,20,7/31/2019 20:35:46,no,0.5705,oshkoshkids,official,,0.49983,12783291_188275474874791_105880613_n.jpg,https://brandperception.s3.amazonaws.com/imagenet_eval_top50_middle50_bottom50/healthy/middle50/12783291_188275474874791_105880613_n.jpg,official/oshkoshkids/12783291_188275474874791_105880613_n.jpg,https://brandperception.s3.amazonaws.com/imagenet_eval_top50_middle50_bottom50/healthy/,0.3668519858427449,middle50
2404042808,finalized,20,7/31/2019 19:57:38,no,0.6832,bananarepublic,official,,0.000565,10570184_1406748942965825_1825672021_n.jpg,https://brandperception.s3.amazonaws.com/imagenet_eval_top50_middle50_bottom50/healthy/bottom50/10570184_1406748942965825_1825672021_n.jpg,official/bananarepublic/10570184_1406748942965825_1825672021_n.jpg,https://brandperception.s3.amazonaws.com/imagenet_eval_top50_middle50_bottom50/healthy/,0.3752632947594383,bottom50
2404042809,finalized,20,7/31/2019 20:00:00,no,0.9601,underarmour,user,,0.500212,1242938777048242078_2044110308.jpg,https://brandperception.s3.amazonaws.com/imagenet_eval_top50_middle50_bottom50/healthy/middle50/1242938777048242078_2044110308.jpg,user/underarmour/1242938777048242078_2044110308.jpg,https://brandperception.s3.amazonaws.com/imagenet_eval_top50_middle50_bottom50/healthy/,0.3789915405738359,middle50
2404042810,finalized,20,7/31/2019 20:18:26,yes,1.0,lipton,user,,0.993926,1235376417914649169_2314008229.jpg,https://brandperception.s3.amazonaws.com/imagenet_eval_top50_middle50_bottom50/healthy/top50/1235376417914649169_2314008229.jpg,user/lipton/1235376417914649169_2314008229.jpg,https://brandperception.s3.amazonaws.com/imagenet_eval_top50_middle50_bottom50/healthy/,0.38302373916957433,top50
2404042811,finalized,20,7/31/2019 20:00:34,no,0.6296,eddiebauer,official,,0.000597,13151180_597450507102757_1609260070_n.jpg,https://brandperception.s3.amazonaws.com/imagenet_eval_top50_middle50_bottom50/healthy/bottom50/13151180_597450507102757_1609260070_n.jpg,official/eddiebauer/13151180_597450507102757_1609260070_n.jpg,https://brandperception.s3.amazonaws.com/imagenet_eval_top50_middle50_bottom50/healthy/,0.3841239803756272,bottom50
2404042812,finalized,20,7/31/2019 19:59:24,yes,0.9163,gap,user,,0.99423,1243358055139045504_1500988003.jpg,https://brandperception.s3.amazonaws.com/imagenet_eval_top50_middle50_bottom50/healthy/top50/1243358055139045504_1500988003.jpg,user/gap/1243358055139045504_1500988003.jpg,https://brandperception.s3.amazonaws.com/imagenet_eval_top50_middle50_bottom50/healthy/,0.3862497964231709,top50
2404042813,finalized,20,7/31/2019 20:35:46,no,0.5737,llbean,official,,0.000453,13117787_1603259463298882_1234509953_n.jpg,https://brandperception.s3.amazonaws.com/imagenet_eval_top50_middle50_bottom50/healthy/bottom50/13117787_1603259463298882_1234509953_n.jpg,official/llbean/13117787_1603259463298882_1234509953_n.jpg,https://brandperception.s3.amazonaws.com/imagenet_eval_top50_middle50_bottom50/healthy/,0.395853588572188,bottom50
2404042814,finalized,20,7/31/2019 20:20:41,no,1.0,adidas,user,,0.50009,1243370587174509799_2207633366.jpg,https://brandperception.s3.amazonaws.com/imagenet_eval_top50_middle50_bottom50/healthy/middle50/1243370587174509799_2207633366.jpg,user/adidas/1243370587174509799_2207633366.jpg,https://brandperception.s3.amazonaws.com/imagenet_eval_top50_middle50_bottom50/healthy/,0.41117472621776485,middle50
2404042815,finalized,20,7/31/2019 20:20:41,no,0.9114,jackdaniels,user,,0.499935,1242029070103925432_368279147.jpg,https://brandperception.s3.amazonaws.com/imagenet_eval_top50_middle50_bottom50/healthy/middle50/1242029070103925432_368279147.jpg,user/jackdaniels/1242029070103925432_368279147.jpg,https://brandperception.s3.amazonaws.com/imagenet_eval_top50_middle50_bottom50/healthy/,0.41489299105406585,middle50
2404042816,finalized,20,7/31/2019 20:23:13,no,0.8993,levis,official,,0.000529,1889364_613606338711245_314218521_n.jpg,https://brandperception.s3.amazonaws.com/imagenet_eval_top50_middle50_bottom50/healthy/bottom50/1889364_613606338711245_314218521_n.jpg,official/levis/1889364_613606338711245_314218521_n.jpg,https://brandperception.s3.amazonaws.com/imagenet_eval_top50_middle50_bottom50/healthy/,0.41513111895998545,bottom50
2404042817,finalized,20,7/31/2019 20:00:00,no,0.6823,gap,user,,0.500208,1243091497380653911_1759547985.jpg,https://brandperception.s3.amazonaws.com/imagenet_eval_top50_middle50_bottom50/healthy/middle50/1243091497380653911_1759547985.jpg,user/gap/1243091497380653911_1759547985.jpg,https://brandperception.s3.amazonaws.com/imagenet_eval_top50_middle50_bottom50/healthy/,0.42610831128804216,middle50
2404042818,finalized,20,7/31/2019 19:57:38,no,0.6655,tommyhilfiger,user,,0.997599,1251441999860885330_207098480.jpg,https://brandperception.s3.amazonaws.com/imagenet_eval_top50_middle50_bottom50/healthy/top50/1251441999860885330_207098480.jpg,user/tommyhilfiger/1251441999860885330_207098480.jpg,https://brandperception.s3.amazonaws.com/imagenet_eval_top50_middle50_bottom50/healthy/,0.4325016785614919,top50
2404042819,finalized,20,7/31/2019 20:00:00,no,0.7301,swissmiss,user,,0.500045,1202159495364373362_593080921.jpg,https://brandperception.s3.amazonaws.com/imagenet_eval_top50_middle50_bottom50/healthy/middle50/1202159495364373362_593080921.jpg,user/swissmiss/1202159495364373362_593080921.jpg,https://brandperception.s3.amazonaws.com/imagenet_eval_top50_middle50_bottom50/healthy/,0.4341577152200452,middle50
2404042820,finalized,20,7/31/2019 20:20:41,no,0.6026,juicycouture,official,,0.499992,11184642_1393981857593720_309849933_n.jpg,https://brandperception.s3.amazonaws.com/imagenet_eval_top50_middle50_bottom50/healthy/middle50/11184642_1393981857593720_309849933_n.jpg,official/juicycouture/11184642_1393981857593720_309849933_n.jpg,https://brandperception.s3.amazonaws.com/imagenet_eval_top50_middle50_bottom50/healthy/,0.4356382184040778,middle50
2404042821,finalized,20,7/31/2019 20:19:38,no,0.7558,nesquik,user,,0.499934,1239800231576053939_2067800617.jpg,https://brandperception.s3.amazonaws.com/imagenet_eval_top50_middle50_bottom50/healthy/middle50/1239800231576053939_2067800617.jpg,user/nesquik/1239800231576053939_2067800617.jpg,https://brandperception.s3.amazonaws.com/imagenet_eval_top50_middle50_bottom50/healthy/,0.45065652433525194,middle50
2404042822,finalized,20,7/31/2019 20:18:26,no,0.767,juicycouture,official,,0.000557,11208480_680710295407550_800370506_n.jpg,https://brandperception.s3.amazonaws.com/imagenet_eval_top50_middle50_bottom50/healthy/bottom50/11208480_680710295407550_800370506_n.jpg,official/juicycouture/11208480_680710295407550_800370506_n.jpg,https://brandperception.s3.amazonaws.com/imagenet_eval_top50_middle50_bottom50/healthy/,0.4766989698382932,bottom50
2404042823,finalized,20,7/31/2019 20:23:13,no,0.9496,monsterenergy,user,,0.499887,1241419280771124255_1957843010.jpg,https://brandperception.s3.amazonaws.com/imagenet_eval_top50_middle50_bottom50/healthy/middle50/1241419280771124255_1957843010.jpg,user/monsterenergy/1241419280771124255_1957843010.jpg,https://brandperception.s3.amazonaws.com/imagenet_eval_top50_middle50_bottom50/healthy/,0.4786802977322997,middle50
2404042824,finalized,20,7/31/2019 20:20:12,yes,0.8586,llbean,official,,0.988128,11256701_1615915595321551_490703185_n.jpg,https://brandperception.s3.amazonaws.com/imagenet_eval_top50_middle50_bottom50/healthy/top50/11256701_1615915595321551_490703185_n.jpg,official/llbean/11256701_1615915595321551_490703185_n.jpg,https://brandperception.s3.amazonaws.com/imagenet_eval_top50_middle50_bottom50/healthy/,0.48228548060989096,top50
2404042825,finalized,20,7/31/2019 20:35:46,no,0.7247,bananarepublic,official,,0.000271,11190695_650068528458604_1127451349_n.jpg,https://brandperception.s3.amazonaws.com/imagenet_eval_top50_middle50_bottom50/healthy/bottom50/11190695_650068528458604_1127451349_n.jpg,official/bananarepublic/11190695_650068528458604_1127451349_n.jpg,https://brandperception.s3.amazonaws.com/imagenet_eval_top50_middle50_bottom50/healthy/,0.4846974469998563,bottom50
2404042826,finalized,20,7/31/2019 20:18:26,no,0.6622,carhartt,official,,0.00042,13398883_118344658589995_850305779_n.jpg,https://brandperception.s3.amazonaws.com/imagenet_eval_top50_middle50_bottom50/healthy/bottom50/13398883_118344658589995_850305779_n.jpg,official/carhartt/13398883_118344658589995_850305779_n.jpg,https://brandperception.s3.amazonaws.com/imagenet_eval_top50_middle50_bottom50/healthy/,0.48589634093751266,bottom50
2404042827,finalized,20,7/31/2019 20:00:34,no,1.0,converse,official,,0.000478,11280377_1621374964741493_894228771_n.jpg,https://brandperception.s3.amazonaws.com/imagenet_eval_top50_middle50_bottom50/healthy/bottom50/11280377_1621374964741493_894228771_n.jpg,official/converse/11280377_1621374964741493_894228771_n.jpg,https://brandperception.s3.amazonaws.com/imagenet_eval_top50_middle50_bottom50/healthy/,0.49064622033666694,bottom50
2404042828,finalized,20,7/31/2019 20:00:34,yes,0.9675,sanpellegrino,user,,0.990776,1235627917175254537_475294698.jpg,https://brandperception.s3.amazonaws.com/imagenet_eval_top50_middle50_bottom50/healthy/top50/1235627917175254537_475294698.jpg,user/sanpellegrino/1235627917175254537_475294698.jpg,https://brandperception.s3.amazonaws.com/imagenet_eval_top50_middle50_bottom50/healthy/,0.5005831053216866,top50
2404042829,finalized,20,7/31/2019 20:20:41,no,0.5565,eddiebauer,official,,0.000411,13774775_1764680940481588_1531254308_n.jpg,https://brandperception.s3.amazonaws.com/imagenet_eval_top50_middle50_bottom50/healthy/bottom50/13774775_1764680940481588_1531254308_n.jpg,official/eddiebauer/13774775_1764680940481588_1531254308_n.jpg,https://brandperception.s3.amazonaws.com/imagenet_eval_top50_middle50_bottom50/healthy/,0.5061000487265072,bottom50
2404042830,finalized,20,7/31/2019 20:23:13,yes,0.849,motts,user,,0.993468,951511615617748159_360065882.jpg,https://brandperception.s3.amazonaws.com/imagenet_eval_top50_middle50_bottom50/healthy/top50/951511615617748159_360065882.jpg,user/motts/951511615617748159_360065882.jpg,https://brandperception.s3.amazonaws.com/imagenet_eval_top50_middle50_bottom50/healthy/,0.5083506515224253,top50
2404042831,finalized,20,7/31/2019 19:59:24,no,0.923,urbanoutfitters,official,,0.000377,11246935_440780682749217_1717496219_n.jpg,https://brandperception.s3.amazonaws.com/imagenet_eval_top50_middle50_bottom50/healthy/bottom50/11246935_440780682749217_1717496219_n.jpg,official/urbanoutfitters/11246935_440780682749217_1717496219_n.jpg,https://brandperception.s3.amazonaws.com/imagenet_eval_top50_middle50_bottom50/healthy/,0.5114564469388294,bottom50
2404042832,finalized,20,7/31/2019 19:57:38,yes,0.7578,motts,user,,0.986893,1231989718166566749_3041549124.jpg,https://brandperception.s3.amazonaws.com/imagenet_eval_top50_middle50_bottom50/healthy/top50/1231989718166566749_3041549124.jpg,user/motts/1231989718166566749_3041549124.jpg,https://brandperception.s3.amazonaws.com/imagenet_eval_top50_middle50_bottom50/healthy/,0.5197313081839918,top50
2404042833,finalized,20,7/31/2019 20:35:46,no,0.5854,abercrombie,official,,0.499845,12339033_1669643733273909_510589631_n.jpg,https://brandperception.s3.amazonaws.com/imagenet_eval_top50_middle50_bottom50/healthy/middle50/12339033_1669643733273909_510589631_n.jpg,official/abercrombie/12339033_1669643733273909_510589631_n.jpg,https://brandperception.s3.amazonaws.com/imagenet_eval_top50_middle50_bottom50/healthy/,0.5224479817265558,middle50
2404042834,finalized,20,7/31/2019 20:00:34,no,0.5429,cocacola,user,,0.990597,1244941877772567690_2012247320.jpg,https://brandperception.s3.amazonaws.com/imagenet_eval_top50_middle50_bottom50/healthy/top50/1244941877772567690_2012247320.jpg,user/cocacola/1244941877772567690_2012247320.jpg,https://brandperception.s3.amazonaws.com/imagenet_eval_top50_middle50_bottom50/healthy/,0.5247735575787056,top50
2404042835,finalized,20,7/31/2019 20:00:34,no,0.8349,dolcegabbana,official,,0.000389,11909920_711158029014914_390005203_n.jpg,https://brandperception.s3.amazonaws.com/imagenet_eval_top50_middle50_bottom50/healthy/bottom50/11909920_711158029014914_390005203_n.jpg,official/dolcegabbana/11909920_711158029014914_390005203_n.jpg,https://brandperception.s3.amazonaws.com/imagenet_eval_top50_middle50_bottom50/healthy/,0.5275122162783406,bottom50
2404042836,finalized,20,7/31/2019 20:20:41,no,0.8099,dolcegabbana,official,,0.000153,10895273_580275598740479_933435362_n.jpg,https://brandperception.s3.amazonaws.com/imagenet_eval_top50_middle50_bottom50/healthy/bottom50/10895273_580275598740479_933435362_n.jpg,official/dolcegabbana/10895273_580275598740479_933435362_n.jpg,https://brandperception.s3.amazonaws.com/imagenet_eval_top50_middle50_bottom50/healthy/,0.5284975015948365,bottom50
2404042837,finalized,20,7/31/2019 19:59:24,no,0.8498,bacardi,user,,0.997197,1240277450660219449_320190481.jpg,https://brandperception.s3.amazonaws.com/imagenet_eval_top50_middle50_bottom50/healthy/top50/1240277450660219449_320190481.jpg,user/bacardi/1240277450660219449_320190481.jpg,https://brandperception.s3.amazonaws.com/imagenet_eval_top50_middle50_bottom50/healthy/,0.5349251177689354,top50
2404042838,finalized,20,7/31/2019 20:20:12,yes,0.8602,coorslight,user,,0.985484,1237813231825200580_820228592.jpg,https://brandperception.s3.amazonaws.com/imagenet_eval_top50_middle50_bottom50/healthy/top50/1237813231825200580_820228592.jpg,user/coorslight/1237813231825200580_820228592.jpg,https://brandperception.s3.amazonaws.com/imagenet_eval_top50_middle50_bottom50/healthy/,0.5375353321109846,top50
2404042839,finalized,20,7/31/2019 20:20:12,yes,0.8527,motts,user,,0.997705,1021765124590263493_1077341398.jpg,https://brandperception.s3.amazonaws.com/imagenet_eval_top50_middle50_bottom50/healthy/top50/1021765124590263493_1077341398.jpg,user/motts/1021765124590263493_1077341398.jpg,https://brandperception.s3.amazonaws.com/imagenet_eval_top50_middle50_bottom50/healthy/,0.5377356826710187,top50
2404042840,finalized,20,7/31/2019 19:57:38,yes,1.0,honesttea,official,,0.995209,917508_1475953322638476_534431420_n.jpg,https://brandperception.s3.amazonaws.com/imagenet_eval_top50_middle50_bottom50/healthy/top50/917508_1475953322638476_534431420_n.jpg,official/honesttea/917508_1475953322638476_534431420_n.jpg,https://brandperception.s3.amazonaws.com/imagenet_eval_top50_middle50_bottom50/healthy/,0.5423227122582303,top50
2404042841,finalized,20,7/31/2019 20:00:00,no,0.8329,dolcegabbana,official,,0.000333,12105169_524205884421624_942965144_n.jpg,https://brandperception.s3.amazonaws.com/imagenet_eval_top50_middle50_bottom50/healthy/bottom50/12105169_524205884421624_942965144_n.jpg,official/dolcegabbana/12105169_524205884421624_942965144_n.jpg,https://brandperception.s3.amazonaws.com/imagenet_eval_top50_middle50_bottom50/healthy/,0.5459468478155892,bottom50
2404042842,finalized,20,7/31/2019 20:19:38,no,0.9589,ralphlauren,user,,0.499856,1251511676618267221_3232191397.jpg,https://brandperception.s3.amazonaws.com/imagenet_eval_top50_middle50_bottom50/healthy/middle50/1251511676618267221_3232191397.jpg,user/ralphlauren/1251511676618267221_3232191397.jpg,https://brandperception.s3.amazonaws.com/imagenet_eval_top50_middle50_bottom50/healthy/,0.5523074042684079,middle50
2404042843,finalized,20,7/31/2019 20:00:00,no,0.6756,bananarepublic,official,,0.000465,11186896_1592148244361400_29500608_n.jpg,https://brandperception.s3.amazonaws.com/imagenet_eval_top50_middle50_bottom50/healthy/bottom50/11186896_1592148244361400_29500608_n.jpg,official/bananarepublic/11186896_1592148244361400_29500608_n.jpg,https://brandperception.s3.amazonaws.com/imagenet_eval_top50_middle50_bottom50/healthy/,0.5582292822161566,bottom50
2404042844,finalized,20,7/31/2019 19:59:24,no,0.8462,drpepper,user,,0.500132,1238220246473930555_3100699508.jpg,https://brandperception.s3.amazonaws.com/imagenet_eval_top50_middle50_bottom50/healthy/middle50/1238220246473930555_3100699508.jpg,user/drpepper/1238220246473930555_3100699508.jpg,https://brandperception.s3.amazonaws.com/imagenet_eval_top50_middle50_bottom50/healthy/,0.5646442097840868,middle50
2404042845,finalized,20,7/31/2019 19:57:38,yes,1.0,juicycouture,user,,0.990014,1236215924022695042_1495315884.jpg,https://brandperception.s3.amazonaws.com/imagenet_eval_top50_middle50_bottom50/healthy/top50/1236215924022695042_1495315884.jpg,user/juicycouture/1236215924022695042_1495315884.jpg,https://brandperception.s3.amazonaws.com/imagenet_eval_top50_middle50_bottom50/healthy/,0.57437871364058,top50
2404042846,finalized,20,7/31/2019 19:57:38,yes,0.7463,greygoose,user,,0.998697,1239435976090301822_196198308.jpg,https://brandperception.s3.amazonaws.com/imagenet_eval_top50_middle50_bottom50/healthy/top50/1239435976090301822_196198308.jpg,user/greygoose/1239435976090301822_196198308.jpg,https://brandperception.s3.amazonaws.com/imagenet_eval_top50_middle50_bottom50/healthy/,0.5974453448776619,top50
2404042847,finalized,20,7/31/2019 20:00:00,yes,0.9671,adidas,user,,0.991685,1243366145035258315_395041201.jpg,https://brandperception.s3.amazonaws.com/imagenet_eval_top50_middle50_bottom50/healthy/top50/1243366145035258315_395041201.jpg,user/adidas/1243366145035258315_395041201.jpg,https://brandperception.s3.amazonaws.com/imagenet_eval_top50_middle50_bottom50/healthy/,0.6040324686230366,top50
2404042848,finalized,20,7/31/2019 19:59:24,no,0.9605,vitaminwater,user,,0.499951,1213502636012125181_241765045.jpg,https://brandperception.s3.amazonaws.com/imagenet_eval_top50_middle50_bottom50/healthy/middle50/1213502636012125181_241765045.jpg,user/vitaminwater/1213502636012125181_241765045.jpg,https://brandperception.s3.amazonaws.com/imagenet_eval_top50_middle50_bottom50/healthy/,0.6082733968858658,middle50
2404042849,finalized,20,7/31/2019 20:00:00,no,0.8329,urbanoutfitters,official,,0.000611,11190905_472345382924028_755478182_n.jpg,https://brandperception.s3.amazonaws.com/imagenet_eval_top50_middle50_bottom50/healthy/bottom50/11190905_472345382924028_755478182_n.jpg,official/urbanoutfitters/11190905_472345382924028_755478182_n.jpg,https://brandperception.s3.amazonaws.com/imagenet_eval_top50_middle50_bottom50/healthy/,0.6185062887615771,bottom50
2404042850,finalized,20,7/31/2019 20:20:12,yes,0.8094,honesttea,official,,0.500197,12299048_427399514123194_2054102862_n.jpg,https://brandperception.s3.amazonaws.com/imagenet_eval_top50_middle50_bottom50/healthy/middle50/12299048_427399514123194_2054102862_n.jpg,official/honesttea/12299048_427399514123194_2054102862_n.jpg,https://brandperception.s3.amazonaws.com/imagenet_eval_top50_middle50_bottom50/healthy/,0.6215466421555078,middle50
2404042851,finalized,20,7/31/2019 20:23:13,yes,0.8603,vitaminwater,user,,0.994695,1230466621470992463_1916279153.jpg,https://brandperception.s3.amazonaws.com/imagenet_eval_top50_middle50_bottom50/healthy/top50/1230466621470992463_1916279153.jpg,user/vitaminwater/1230466621470992463_1916279153.jpg,https://brandperception.s3.amazonaws.com/imagenet_eval_top50_middle50_bottom50/healthy/,0.628605906301456,top50
2404042852,finalized,20,7/31/2019 20:18:26,yes,1.0,vitaminwater,user,,0.985423,1234811267411515243_449873492.jpg,https://brandperception.s3.amazonaws.com/imagenet_eval_top50_middle50_bottom50/healthy/top50/1234811267411515243_449873492.jpg,user/vitaminwater/1234811267411515243_449873492.jpg,https://brandperception.s3.amazonaws.com/imagenet_eval_top50_middle50_bottom50/healthy/,0.6362213206366576,top50
2404042853,finalized,20,7/31/2019 21:53:45,no,0.9684,urbanoutfitters,official,,0.000469,11330523_1579678592291857_70112984_n.jpg,https://brandperception.s3.amazonaws.com/imagenet_eval_top50_middle50_bottom50/healthy/bottom50/11330523_1579678592291857_70112984_n.jpg,official/urbanoutfitters/11330523_1579678592291857_70112984_n.jpg,https://brandperception.s3.amazonaws.com/imagenet_eval_top50_middle50_bottom50/healthy/,0.6621756240125285,bottom50
2404042854,finalized,20,7/31/2019 21:37:42,no,0.6859,hollisterco,official,,0.000629,11375188_376365465897991_2014256771_n.jpg,https://brandperception.s3.amazonaws.com/imagenet_eval_top50_middle50_bottom50/healthy/bottom50/11375188_376365465897991_2014256771_n.jpg,official/hollisterco/11375188_376365465897991_2014256771_n.jpg,https://brandperception.s3.amazonaws.com/imagenet_eval_top50_middle50_bottom50/healthy/,0.6697216731400872,bottom50
2404042855,finalized,20,7/31/2019 21:42:56,no,0.704,welchs,user,,0.499926,1138838641879978003_370239003.jpg,https://brandperception.s3.amazonaws.com/imagenet_eval_top50_middle50_bottom50/healthy/middle50/1138838641879978003_370239003.jpg,user/welchs/1138838641879978003_370239003.jpg,https://brandperception.s3.amazonaws.com/imagenet_eval_top50_middle50_bottom50/healthy/,0.6732333506332308,middle50
2404042856,finalized,20,7/31/2019 21:43:10,no,0.864,greygoose,user,,0.499813,1240830979981249736_383761346.jpg,https://brandperception.s3.amazonaws.com/imagenet_eval_top50_middle50_bottom50/healthy/middle50/1240830979981249736_383761346.jpg,user/greygoose/1240830979981249736_383761346.jpg,https://brandperception.s3.amazonaws.com/imagenet_eval_top50_middle50_bottom50/healthy/,0.6760162873048134,middle50
2404042857,finalized,20,7/31/2019 21:43:10,no,0.9211,dockers,user,,0.000325,1225518794035089168_29030434.jpg,https://brandperception.s3.amazonaws.com/imagenet_eval_top50_middle50_bottom50/healthy/bottom50/1225518794035089168_29030434.jpg,user/dockers/1225518794035089168_29030434.jpg,https://brandperception.s3.amazonaws.com/imagenet_eval_top50_middle50_bottom50/healthy/,0.6866763013394723,bottom50
2404042858,finalized,20,7/31/2019 22:00:19,yes,0.8062,urbanoutfitters,official,,0.994076,11373636_569381086534662_1407949391_n.jpg,https://brandperception.s3.amazonaws.com/imagenet_eval_top50_middle50_bottom50/healthy/top50/11373636_569381086534662_1407949391_n.jpg,official/urbanoutfitters/11373636_569381086534662_1407949391_n.jpg,https://brandperception.s3.amazonaws.com/imagenet_eval_top50_middle50_bottom50/healthy/,0.6921277696137371,top50
2404042859,finalized,20,7/31/2019 21:43:10,no,0.81,bacardi,user,,0.500099,1243949407516161325_261345956.jpg,https://brandperception.s3.amazonaws.com/imagenet_eval_top50_middle50_bottom50/healthy/middle50/1243949407516161325_261345956.jpg,user/bacardi/1243949407516161325_261345956.jpg,https://brandperception.s3.amazonaws.com/imagenet_eval_top50_middle50_bottom50/healthy/,0.7137681173976063,middle50
2404042860,finalized,20,7/31/2019 21:37:42,yes,0.9205,juicycouture,official,,0.992346,11205783_1584774875128242_1058023210_n.jpg,https://brandperception.s3.amazonaws.com/imagenet_eval_top50_middle50_bottom50/healthy/top50/11205783_1584774875128242_1058023210_n.jpg,official/juicycouture/11205783_1584774875128242_1058023210_n.jpg,https://brandperception.s3.amazonaws.com/imagenet_eval_top50_middle50_bottom50/healthy/,0.7201922997609642,top50
2404042861,finalized,20,7/31/2019 21:42:56,no,0.869,budweiser,user,,0.500117,1248711306779321371_275686560.jpg,https://brandperception.s3.amazonaws.com/imagenet_eval_top50_middle50_bottom50/healthy/middle50/1248711306779321371_275686560.jpg,user/budweiser/1248711306779321371_275686560.jpg,https://brandperception.s3.amazonaws.com/imagenet_eval_top50_middle50_bottom50/healthy/,0.7286898102846112,middle50
2404042862,finalized,20,7/31/2019 21:53:45,no,0.5731,eddiebauer,official,,0.000539,10809479_833600626756874_2044214657_n.jpg,https://brandperception.s3.amazonaws.com/imagenet_eval_top50_middle50_bottom50/healthy/bottom50/10809479_833600626756874_2044214657_n.jpg,official/eddiebauer/10809479_833600626756874_2044214657_n.jpg,https://brandperception.s3.amazonaws.com/imagenet_eval_top50_middle50_bottom50/healthy/,0.7350249980559435,bottom50
2404042863,finalized,20,7/31/2019 21:42:56,no,0.7757,llbean,official,,0.000195,12407682_877544959025523_1940575779_n.jpg,https://brandperception.s3.amazonaws.com/imagenet_eval_top50_middle50_bottom50/healthy/bottom50/12407682_877544959025523_1940575779_n.jpg,official/llbean/12407682_877544959025523_1940575779_n.jpg,https://brandperception.s3.amazonaws.com/imagenet_eval_top50_middle50_bottom50/healthy/,0.7370079363361419,bottom50
2404042864,finalized,20,7/31/2019 21:43:10,no,0.9681,prada,official,,0.500113,13392629_287700338242933_861121756_n.jpg,https://brandperception.s3.amazonaws.com/imagenet_eval_top50_middle50_bottom50/healthy/middle50/13392629_287700338242933_861121756_n.jpg,official/prada/13392629_287700338242933_861121756_n.jpg,https://brandperception.s3.amazonaws.com/imagenet_eval_top50_middle50_bottom50/healthy/,0.744749192239482,middle50
2404042865,finalized,20,7/31/2019 21:37:42,no,0.6571,welchs,user,,0.499864,1132606902341040390_508148165.jpg,https://brandperception.s3.amazonaws.com/imagenet_eval_top50_middle50_bottom50/healthy/middle50/1132606902341040390_508148165.jpg,user/welchs/1132606902341040390_508148165.jpg,https://brandperception.s3.amazonaws.com/imagenet_eval_top50_middle50_bottom50/healthy/,0.7511617643874341,middle50
2404042866,finalized,20,7/31/2019 21:37:42,no,0.915,joeboxer,user,,0.499811,1100455198990501138_46900992.jpg,https://brandperception.s3.amazonaws.com/imagenet_eval_top50_middle50_bottom50/healthy/middle50/1100455198990501138_46900992.jpg,user/joeboxer/1100455198990501138_46900992.jpg,https://brandperception.s3.amazonaws.com/imagenet_eval_top50_middle50_bottom50/healthy/,0.7531469334683367,middle50
2404042867,finalized,20,7/31/2019 21:53:45,yes,0.8526,motts,user,,0.986376,1078387281953064327_342981824.jpg,https://brandperception.s3.amazonaws.com/imagenet_eval_top50_middle50_bottom50/healthy/top50/1078387281953064327_342981824.jpg,user/motts/1078387281953064327_342981824.jpg,https://brandperception.s3.amazonaws.com/imagenet_eval_top50_middle50_bottom50/healthy/,0.763238284465489,top50
2404042868,finalized,20,7/31/2019 21:42:56,yes,0.967,motts,user,,0.997616,1226977463271372479_3127948276.jpg,https://brandperception.s3.amazonaws.com/imagenet_eval_top50_middle50_bottom50/healthy/top50/1226977463271372479_3127948276.jpg,user/motts/1226977463271372479_3127948276.jpg,https://brandperception.s3.amazonaws.com/imagenet_eval_top50_middle50_bottom50/healthy/,0.7641291267208556,top50
2404042869,finalized,20,7/31/2019 21:53:45,no,0.7771,dockers,user,,0.499941,1235380567723793942_3143786590.jpg,https://brandperception.s3.amazonaws.com/imagenet_eval_top50_middle50_bottom50/healthy/middle50/1235380567723793942_3143786590.jpg,user/dockers/1235380567723793942_3143786590.jpg,https://brandperception.s3.amazonaws.com/imagenet_eval_top50_middle50_bottom50/healthy/,0.7641558222739517,middle50
2404042870,finalized,20,7/31/2019 21:42:56,no,0.8885,urbanoutfitters,official,,0.000222,11252675_1571210983157900_1895168595_n.jpg,https://brandperception.s3.amazonaws.com/imagenet_eval_top50_middle50_bottom50/healthy/bottom50/11252675_1571210983157900_1895168595_n.jpg,official/urbanoutfitters/11252675_1571210983157900_1895168595_n.jpg,https://brandperception.s3.amazonaws.com/imagenet_eval_top50_middle50_bottom50/healthy/,0.7644595031217037,bottom50
2404042871,finalized,20,7/31/2019 21:43:10,no,0.8206,greygoose,user,,0.000616,1238676769240921133_838252188.jpg,https://brandperception.s3.amazonaws.com/imagenet_eval_top50_middle50_bottom50/healthy/bottom50/1238676769240921133_838252188.jpg,user/greygoose/1238676769240921133_838252188.jpg,https://brandperception.s3.amazonaws.com/imagenet_eval_top50_middle50_bottom50/healthy/,0.7805368431690708,bottom50
2404042872,finalized,20,7/31/2019 21:43:10,yes,0.7185,cocacola,user,,0.988531,1245144385757818305_1491217730.jpg,https://brandperception.s3.amazonaws.com/imagenet_eval_top50_middle50_bottom50/healthy/top50/1245144385757818305_1491217730.jpg,user/cocacola/1245144385757818305_1491217730.jpg,https://brandperception.s3.amazonaws.com/imagenet_eval_top50_middle50_bottom50/healthy/,0.7838742648503857,top50
2404042873,finalized,20,7/31/2019 21:53:45,yes,0.8995,motts,user,,0.994111,1132250791192191549_4417711.jpg,https://brandperception.s3.amazonaws.com/imagenet_eval_top50_middle50_bottom50/healthy/top50/1132250791192191549_4417711.jpg,user/motts/1132250791192191549_4417711.jpg,https://brandperception.s3.amazonaws.com/imagenet_eval_top50_middle50_bottom50/healthy/,0.7848450738566712,top50
2404042874,finalized,20,7/31/2019 21:53:45,yes,1.0,sanpellegrino_official,official,,0.991105,11199493_1574465939473964_1033976852_n.jpg,https://brandperception.s3.amazonaws.com/imagenet_eval_top50_middle50_bottom50/healthy/top50/11199493_1574465939473964_1033976852_n.jpg,official/sanpellegrino_official/11199493_1574465939473964_1033976852_n.jpg,https://brandperception.s3.amazonaws.com/imagenet_eval_top50_middle50_bottom50/healthy/,0.7882417596410367,top50
2404042875,finalized,20,7/31/2019 21:37:42,yes,0.6557,greygoose,official,,0.984781,11311062_821247244621310_683272270_n.jpg,https://brandperception.s3.amazonaws.com/imagenet_eval_top50_middle50_bottom50/healthy/top50/11311062_821247244621310_683272270_n.jpg,official/greygoose/11311062_821247244621310_683272270_n.jpg,https://brandperception.s3.amazonaws.com/imagenet_eval_top50_middle50_bottom50/healthy/,0.7885557251233597,top50
2404042876,finalized,20,7/31/2019 22:00:19,yes,0.7072,sanpellegrino,user,,0.500025,1239832577205165116_542639438.jpg,https://brandperception.s3.amazonaws.com/imagenet_eval_top50_middle50_bottom50/healthy/middle50/1239832577205165116_542639438.jpg,user/sanpellegrino/1239832577205165116_542639438.jpg,https://brandperception.s3.amazonaws.com/imagenet_eval_top50_middle50_bottom50/healthy/,0.791947387724228,middle50
2404042877,finalized,20,7/31/2019 22:00:19,yes,0.6011,motts,user,,0.500117,899595478544326194_1408907982.jpg,https://brandperception.s3.amazonaws.com/imagenet_eval_top50_middle50_bottom50/healthy/middle50/899595478544326194_1408907982.jpg,user/motts/899595478544326194_1408907982.jpg,https://brandperception.s3.amazonaws.com/imagenet_eval_top50_middle50_bottom50/healthy/,0.8088049545307385,middle50
2404042878,finalized,20,7/31/2019 22:00:19,no,0.9521,jackdaniels,user,,0.500219,1241387775291408853_269194207.jpg,https://brandperception.s3.amazonaws.com/imagenet_eval_top50_middle50_bottom50/healthy/middle50/1241387775291408853_269194207.jpg,user/jackdaniels/1241387775291408853_269194207.jpg,https://brandperception.s3.amazonaws.com/imagenet_eval_top50_middle50_bottom50/healthy/,0.8100133076262165,middle50
2404042879,finalized,20,7/31/2019 21:42:56,no,0.8752,oshkosh,user,,0.000158,1250143337880557639_233538141.jpg,https://brandperception.s3.amazonaws.com/imagenet_eval_top50_middle50_bottom50/healthy/bottom50/1250143337880557639_233538141.jpg,user/oshkosh/1250143337880557639_233538141.jpg,https://brandperception.s3.amazonaws.com/imagenet_eval_top50_middle50_bottom50/healthy/,0.8169471977650212,bottom50
2404042880,finalized,20,7/31/2019 22:00:19,yes,0.8449,motts,user,,0.989719,1159819085110923182_1450079178.jpg,https://brandperception.s3.amazonaws.com/imagenet_eval_top50_middle50_bottom50/healthy/top50/1159819085110923182_1450079178.jpg,user/motts/1159819085110923182_1450079178.jpg,https://brandperception.s3.amazonaws.com/imagenet_eval_top50_middle50_bottom50/healthy/,0.822241032903236,top50
2404042881,finalized,20,7/31/2019 21:42:56,no,0.9354,urbanoutfitters,official,,0.000256,12331817_994465477281694_48793285_n.jpg,https://brandperception.s3.amazonaws.com/imagenet_eval_top50_middle50_bottom50/healthy/bottom50/12331817_994465477281694_48793285_n.jpg,official/urbanoutfitters/12331817_994465477281694_48793285_n.jpg,https://brandperception.s3.amazonaws.com/imagenet_eval_top50_middle50_bottom50/healthy/,0.8307129150945161,bottom50
2404042882,finalized,20,7/31/2019 21:53:45,no,0.8169,motts,user,,0.99557,1042821875364126114_1077341398.jpg,https://brandperception.s3.amazonaws.com/imagenet_eval_top50_middle50_bottom50/healthy/top50/1042821875364126114_1077341398.jpg,user/motts/1042821875364126114_1077341398.jpg,https://brandperception.s3.amazonaws.com/imagenet_eval_top50_middle50_bottom50/healthy/,0.8328706056404832,top50
2404042883,finalized,20,7/31/2019 21:53:45,yes,0.5446,greygoose,user,,0.988819,1238835162524471439_31325563.jpg,https://brandperception.s3.amazonaws.com/imagenet_eval_top50_middle50_bottom50/healthy/top50/1238835162524471439_31325563.jpg,user/greygoose/1238835162524471439_31325563.jpg,https://brandperception.s3.amazonaws.com/imagenet_eval_top50_middle50_bottom50/healthy/,0.8368839133183948,top50
2404042884,finalized,20,7/31/2019 21:37:42,yes,0.9671,sanpellegrino,user,,0.991535,1242878353051661511_45982732.jpg,https://brandperception.s3.amazonaws.com/imagenet_eval_top50_middle50_bottom50/healthy/top50/1242878353051661511_45982732.jpg,user/sanpellegrino/1242878353051661511_45982732.jpg,https://brandperception.s3.amazonaws.com/imagenet_eval_top50_middle50_bottom50/healthy/,0.8441588895080057,top50
2404042885,finalized,20,7/31/2019 21:37:42,no,0.9686,hollisterco,official,,0.5002,11325392_662432040553856_1398713650_n.jpg,https://brandperception.s3.amazonaws.com/imagenet_eval_top50_middle50_bottom50/healthy/middle50/11325392_662432040553856_1398713650_n.jpg,official/hollisterco/11325392_662432040553856_1398713650_n.jpg,https://brandperception.s3.amazonaws.com/imagenet_eval_top50_middle50_bottom50/healthy/,0.8609818112682709,middle50
2404042886,finalized,20,7/31/2019 21:53:45,no,0.691,budweiser,user,,0.989678,1250093093673815132_332341586.jpg,https://brandperception.s3.amazonaws.com/imagenet_eval_top50_middle50_bottom50/healthy/top50/1250093093673815132_332341586.jpg,user/budweiser/1250093093673815132_332341586.jpg,https://brandperception.s3.amazonaws.com/imagenet_eval_top50_middle50_bottom50/healthy/,0.8667113592856246,top50
2404042887,finalized,20,7/31/2019 21:37:42,no,0.899,sanpellegrino,user,,0.500202,1240759777552512308_15811804.jpg,https://brandperception.s3.amazonaws.com/imagenet_eval_top50_middle50_bottom50/healthy/middle50/1240759777552512308_15811804.jpg,user/sanpellegrino/1240759777552512308_15811804.jpg,https://brandperception.s3.amazonaws.com/imagenet_eval_top50_middle50_bottom50/healthy/,0.8702544735195037,middle50
2404042888,finalized,20,7/31/2019 21:43:10,no,0.9301,guess,official,,0.500161,10919216_321256141403677_1513517485_n.jpg,https://brandperception.s3.amazonaws.com/imagenet_eval_top50_middle50_bottom50/healthy/middle50/10919216_321256141403677_1513517485_n.jpg,official/guess/10919216_321256141403677_1513517485_n.jpg,https://brandperception.s3.amazonaws.com/imagenet_eval_top50_middle50_bottom50/healthy/,0.8923600585956287,middle50
2404042889,finalized,20,7/31/2019 21:43:10,yes,0.8748,vitaminwater,user,,0.987978,1243441624876930638_253038668.jpg,https://brandperception.s3.amazonaws.com/imagenet_eval_top50_middle50_bottom50/healthy/top50/1243441624876930638_253038668.jpg,user/vitaminwater/1243441624876930638_253038668.jpg,https://brandperception.s3.amazonaws.com/imagenet_eval_top50_middle50_bottom50/healthy/,0.8954049726400326,top50
2404042890,finalized,20,7/31/2019 21:42:56,no,0.6613,minutemaid,user,,0.986055,1212053594908370930_1957939072.jpg,https://brandperception.s3.amazonaws.com/imagenet_eval_top50_middle50_bottom50/healthy/top50/1212053594908370930_1957939072.jpg,user/minutemaid/1212053594908370930_1957939072.jpg,https://brandperception.s3.amazonaws.com/imagenet_eval_top50_middle50_bottom50/healthy/,0.9030153310627652,top50
2404042891,finalized,20,7/31/2019 22:00:19,no,0.9171,moetchandon,official,,0.000464,10431831_663184540442516_119758953_n.jpg,https://brandperception.s3.amazonaws.com/imagenet_eval_top50_middle50_bottom50/healthy/bottom50/10431831_663184540442516_119758953_n.jpg,official/moetchandon/10431831_663184540442516_119758953_n.jpg,https://brandperception.s3.amazonaws.com/imagenet_eval_top50_middle50_bottom50/healthy/,0.908551691100274,bottom50
2404042892,finalized,20,7/31/2019 21:43:10,no,0.8206,anntaylor,user,,0.500038,1228241506095366632_954613359.jpg,https://brandperception.s3.amazonaws.com/imagenet_eval_top50_middle50_bottom50/healthy/middle50/1228241506095366632_954613359.jpg,user/anntaylor/1228241506095366632_954613359.jpg,https://brandperception.s3.amazonaws.com/imagenet_eval_top50_middle50_bottom50/healthy/,0.9257480361971819,middle50
2404042893,finalized,20,7/31/2019 22:00:19,yes,0.8456,bacardi,user,,0.989286,1244145591063736887_3091768643.jpg,https://brandperception.s3.amazonaws.com/imagenet_eval_top50_middle50_bottom50/healthy/top50/1244145591063736887_3091768643.jpg,user/bacardi/1244145591063736887_3091768643.jpg,https://brandperception.s3.amazonaws.com/imagenet_eval_top50_middle50_bottom50/healthy/,0.927302132994938,top50
2404042894,finalized,20,7/31/2019 21:43:10,yes,0.9286,juicycouture,official,,0.98505,11226899_424165217762652_2037445810_n.jpg,https://brandperception.s3.amazonaws.com/imagenet_eval_top50_middle50_bottom50/healthy/top50/11226899_424165217762652_2037445810_n.jpg,official/juicycouture/11226899_424165217762652_2037445810_n.jpg,https://brandperception.s3.amazonaws.com/imagenet_eval_top50_middle50_bottom50/healthy/,0.9279582179151358,top50
2404042895,finalized,20,7/31/2019 22:00:19,no,1.0,gap,official,,0.000576,11191262_1421595411491697_673835140_n.jpg,https://brandperception.s3.amazonaws.com/imagenet_eval_top50_middle50_bottom50/healthy/bottom50/11191262_1421595411491697_673835140_n.jpg,official/gap/11191262_1421595411491697_673835140_n.jpg,https://brandperception.s3.amazonaws.com/imagenet_eval_top50_middle50_bottom50/healthy/,0.9313319776144299,bottom50
2404042896,finalized,20,7/31/2019 22:00:19,no,0.6696,llbean,official,,0.000558,13737019_1777013735912087_176158256_n.jpg,https://brandperception.s3.amazonaws.com/imagenet_eval_top50_middle50_bottom50/healthy/bottom50/13737019_1777013735912087_176158256_n.jpg,official/llbean/13737019_1777013735912087_176158256_n.jpg,https://brandperception.s3.amazonaws.com/imagenet_eval_top50_middle50_bottom50/healthy/,0.9372123052642202,bottom50
2404042897,finalized,20,7/31/2019 22:00:19,no,0.9581,juicycouture,official,,0.000213,11235927_1599213530357024_1428157380_n.jpg,https://brandperception.s3.amazonaws.com/imagenet_eval_top50_middle50_bottom50/healthy/bottom50/11235927_1599213530357024_1428157380_n.jpg,official/juicycouture/11235927_1599213530357024_1428157380_n.jpg,https://brandperception.s3.amazonaws.com/imagenet_eval_top50_middle50_bottom50/healthy/,0.9385366580371891,bottom50
2404042898,finalized,20,7/31/2019 21:42:56,no,0.9219,bananarepublic,official,,0.499843,11093128_377681239106404_584828124_n.jpg,https://brandperception.s3.amazonaws.com/imagenet_eval_top50_middle50_bottom50/healthy/middle50/11093128_377681239106404_584828124_n.jpg,official/bananarepublic/11093128_377681239106404_584828124_n.jpg,https://brandperception.s3.amazonaws.com/imagenet_eval_top50_middle50_bottom50/healthy/,0.9550551009651868,middle50
2404042899,finalized,20,7/31/2019 21:37:42,no,0.9671,vitaminwater,official,,0.000462,10932173_483914818423881_1255970083_n.jpg,https://brandperception.s3.amazonaws.com/imagenet_eval_top50_middle50_bottom50/healthy/bottom50/10932173_483914818423881_1255970083_n.jpg,official/vitaminwater/10932173_483914818423881_1255970083_n.jpg,https://brandperception.s3.amazonaws.com/imagenet_eval_top50_middle50_bottom50/healthy/,0.9671378648178465,bottom50
2404042900,finalized,20,7/31/2019 21:37:42,no,0.6193,sanpellegrino,user,,0.000416,1243006021809570575_389677143.jpg,https://brandperception.s3.amazonaws.com/imagenet_eval_top50_middle50_bottom50/healthy/bottom50/1243006021809570575_389677143.jpg,user/sanpellegrino/1243006021809570575_389677143.jpg,https://brandperception.s3.amazonaws.com/imagenet_eval_top50_middle50_bottom50/healthy/,0.9723453861885054,bottom50
2404042901,finalized,20,7/31/2019 21:53:45,no,0.9684,kennethcole,official,,0.00064,11098217_659419300830310_1255803697_n.jpg,https://brandperception.s3.amazonaws.com/imagenet_eval_top50_middle50_bottom50/healthy/bottom50/11098217_659419300830310_1255803697_n.jpg,official/kennethcole/11098217_659419300830310_1255803697_n.jpg,https://brandperception.s3.amazonaws.com/imagenet_eval_top50_middle50_bottom50/healthy/,0.9894860268397403,bottom50
2404042902,finalized,20,7/31/2019 21:42:56,no,0.8282,dockers,user,,0.000631,1219628370709933950_226337522.jpg,https://brandperception.s3.amazonaws.com/imagenet_eval_top50_middle50_bottom50/healthy/bottom50/1219628370709933950_226337522.jpg,user/dockers/1219628370709933950_226337522.jpg,https://brandperception.s3.amazonaws.com/imagenet_eval_top50_middle50_bottom50/healthy/,0.9898931067813778,bottom50
