_unit_id,_unit_state,_trusted_judgments,_last_judgment_at,rugged,rugged:confidence,brand,consumer_official,image_name,image_url,original_image_location,prefix,rand,rugged_gold,rugged_prob,top_middle_bottom
2404041684,finalized,20,7/31/2019 19:59:07,no,1.0,tazo,user,1205441965593894330_1667356190.jpg,https://brandperception.s3.amazonaws.com/imagenet_eval_top50_middle50_bottom50/rugged/bottom50/1205441965593894330_1667356190.jpg,user/tazo/1205441965593894330_1667356190.jpg,https://brandperception.s3.amazonaws.com/imagenet_eval_top50_middle50_bottom50/rugged/bottom50/1245157652541092303_465726163.jpg,0.004850766289415498,,1.1e-05,bottom50
2404041685,finalized,20,7/31/2019 20:23:24,no,0.7542,urbanoutfitters,user,1242416075848572373_42698094.jpg,https://brandperception.s3.amazonaws.com/imagenet_eval_top50_middle50_bottom50/rugged/middle50/1242416075848572373_42698094.jpg,user/urbanoutfitters/1242416075848572373_42698094.jpg,https://brandperception.s3.amazonaws.com/imagenet_eval_top50_middle50_bottom50/rugged/,0.013836163696138382,,0.498795,middle50
2404041686,finalized,20,7/31/2019 21:26:43,no,0.9065,carhartt,user,1242807253535554008_18749349.jpg,https://brandperception.s3.amazonaws.com/imagenet_eval_top50_middle50_bottom50/rugged/middle50/1242807253535554008_18749349.jpg,user/carhartt/1242807253535554008_18749349.jpg,https://brandperception.s3.amazonaws.com/imagenet_eval_top50_middle50_bottom50/rugged/,0.017553328537091795,,0.499489,middle50
2404041687,finalized,20,7/31/2019 20:02:00,yes,0.9643,eddiebauer,official,1169288_688275261183756_237765567_n.jpg,https://brandperception.s3.amazonaws.com/imagenet_eval_top50_middle50_bottom50/rugged/top50/1169288_688275261183756_237765567_n.jpg,official/eddiebauer/1169288_688275261183756_237765567_n.jpg,https://brandperception.s3.amazonaws.com/imagenet_eval_top50_middle50_bottom50/rugged/,0.022518393773188317,,0.97892,top50
2404041688,finalized,20,7/31/2019 20:08:15,no,0.9037,gatorade,user,1238564124691376593_31799457.jpg,https://brandperception.s3.amazonaws.com/imagenet_eval_top50_middle50_bottom50/rugged/bottom50/1238564124691376593_31799457.jpg,user/gatorade/1238564124691376593_31799457.jpg,https://brandperception.s3.amazonaws.com/imagenet_eval_top50_middle50_bottom50/rugged/,0.035592610464815544,,1.6e-05,bottom50
2404041689,finalized,20,7/31/2019 20:23:24,yes,0.8367,monsterenergy,official,11176030_422434391262019_1450527391_n.jpg,https://brandperception.s3.amazonaws.com/imagenet_eval_top50_middle50_bottom50/rugged/middle50/11176030_422434391262019_1450527391_n.jpg,official/monsterenergy/11176030_422434391262019_1450527391_n.jpg,https://brandperception.s3.amazonaws.com/imagenet_eval_top50_middle50_bottom50/rugged/,0.04526669601745881,,0.50084,middle50
2404041690,finalized,20,7/31/2019 19:59:07,no,0.6305,ralphlauren,official,10424639_286565941517966_463785614_n.jpg,https://brandperception.s3.amazonaws.com/imagenet_eval_top50_middle50_bottom50/rugged/middle50/10424639_286565941517966_463785614_n.jpg,official/ralphlauren/10424639_286565941517966_463785614_n.jpg,https://brandperception.s3.amazonaws.com/imagenet_eval_top50_middle50_bottom50/rugged/,0.046477578009213594,,0.49934,middle50
2404041691,finalized,20,7/31/2019 20:02:00,yes,0.9246,eddiebauer,official,13774775_1764680940481588_1531254308_n.jpg,https://brandperception.s3.amazonaws.com/imagenet_eval_top50_middle50_bottom50/rugged/top50/13774775_1764680940481588_1531254308_n.jpg,official/eddiebauer/13774775_1764680940481588_1531254308_n.jpg,https://brandperception.s3.amazonaws.com/imagenet_eval_top50_middle50_bottom50/rugged/,0.04949328547088616,,0.995753,top50
2404041692,finalized,20,7/31/2019 20:25:25,no,0.6555,abercrombie,official,13118306_107118206363938_1117153929_n.jpg,https://brandperception.s3.amazonaws.com/imagenet_eval_top50_middle50_bottom50/rugged/middle50/13118306_107118206363938_1117153929_n.jpg,official/abercrombie/13118306_107118206363938_1117153929_n.jpg,https://brandperception.s3.amazonaws.com/imagenet_eval_top50_middle50_bottom50/rugged/,0.05489954193007751,,0.499295,middle50
2404041693,finalized,20,7/31/2019 20:23:24,yes,0.5751,monsterenergy,user,1241635024025679049_1426913836.jpg,https://brandperception.s3.amazonaws.com/imagenet_eval_top50_middle50_bottom50/rugged/middle50/1241635024025679049_1426913836.jpg,user/monsterenergy/1241635024025679049_1426913836.jpg,https://brandperception.s3.amazonaws.com/imagenet_eval_top50_middle50_bottom50/rugged/,0.061056169097089885,,0.49909,middle50
2404041694,finalized,20,7/31/2019 20:08:15,no,1.0,anntaylor,official,13712761_903531159759146_610929921_n.jpg,https://brandperception.s3.amazonaws.com/imagenet_eval_top50_middle50_bottom50/rugged/middle50/13712761_903531159759146_610929921_n.jpg,official/anntaylor/13712761_903531159759146_610929921_n.jpg,https://brandperception.s3.amazonaws.com/imagenet_eval_top50_middle50_bottom50/rugged/,0.06523288072954958,,0.500313,middle50
2404041695,finalized,20,7/31/2019 20:02:00,no,0.8641,bananarepublic,user,1239287974420324941_13798879.jpg,https://brandperception.s3.amazonaws.com/imagenet_eval_top50_middle50_bottom50/rugged/middle50/1239287974420324941_13798879.jpg,user/bananarepublic/1239287974420324941_13798879.jpg,https://brandperception.s3.amazonaws.com/imagenet_eval_top50_middle50_bottom50/rugged/,0.07854866310014175,,0.500067,middle50
2404041696,finalized,20,7/31/2019 19:59:07,no,0.5322,eddiebauer,user,1230041254843825313_586665686.jpg,https://brandperception.s3.amazonaws.com/imagenet_eval_top50_middle50_bottom50/rugged/middle50/1230041254843825313_586665686.jpg,user/eddiebauer/1230041254843825313_586665686.jpg,https://brandperception.s3.amazonaws.com/imagenet_eval_top50_middle50_bottom50/rugged/,0.08455726777779482,,0.500064,middle50
2404041697,finalized,20,7/31/2019 20:46:08,yes,0.8364,eddiebauer,official,11117087_1584544185127330_920138834_n.jpg,https://brandperception.s3.amazonaws.com/imagenet_eval_top50_middle50_bottom50/rugged/top50/11117087_1584544185127330_920138834_n.jpg,official/eddiebauer/11117087_1584544185127330_920138834_n.jpg,https://brandperception.s3.amazonaws.com/imagenet_eval_top50_middle50_bottom50/rugged/,0.08989689734686801,,0.977652,top50
2404041698,finalized,20,7/31/2019 20:46:08,yes,0.6073,carhartt,user,1242010792818226359_295832156.jpg,https://brandperception.s3.amazonaws.com/imagenet_eval_top50_middle50_bottom50/rugged/middle50/1242010792818226359_295832156.jpg,user/carhartt/1242010792818226359_295832156.jpg,https://brandperception.s3.amazonaws.com/imagenet_eval_top50_middle50_bottom50/rugged/,0.09000613978460348,,0.500105,middle50
2404041699,finalized,20,7/31/2019 20:21:25,yes,0.8775,abercrombie,official,1596767_724733030885031_1581306693_n.jpg,https://brandperception.s3.amazonaws.com/imagenet_eval_top50_middle50_bottom50/rugged/top50/1596767_724733030885031_1581306693_n.jpg,official/abercrombie/1596767_724733030885031_1581306693_n.jpg,https://brandperception.s3.amazonaws.com/imagenet_eval_top50_middle50_bottom50/rugged/,0.09298836330412685,,0.990127,top50
2404041700,finalized,20,7/31/2019 19:59:07,yes,1.0,eddiebauer,official,10449026_1465974757043259_614559743_n.jpg,https://brandperception.s3.amazonaws.com/imagenet_eval_top50_middle50_bottom50/rugged/top50/10449026_1465974757043259_614559743_n.jpg,official/eddiebauer/10449026_1465974757043259_614559743_n.jpg,https://brandperception.s3.amazonaws.com/imagenet_eval_top50_middle50_bottom50/rugged/,0.09412425026337023,,0.992516,top50
2404041701,finalized,20,7/31/2019 20:08:15,no,0.9142,tazo,official,11378013_382945581895097_200978964_n.jpg,https://brandperception.s3.amazonaws.com/imagenet_eval_top50_middle50_bottom50/rugged/middle50/11378013_382945581895097_200978964_n.jpg,official/tazo/11378013_382945581895097_200978964_n.jpg,https://brandperception.s3.amazonaws.com/imagenet_eval_top50_middle50_bottom50/rugged/,0.10544962984831363,,0.499919,middle50
2404041702,finalized,20,7/31/2019 20:21:25,no,0.6,luckybrand,user,1238010449836200294_35788411.jpg,https://brandperception.s3.amazonaws.com/imagenet_eval_top50_middle50_bottom50/rugged/middle50/1238010449836200294_35788411.jpg,user/luckybrand/1238010449836200294_35788411.jpg,https://brandperception.s3.amazonaws.com/imagenet_eval_top50_middle50_bottom50/rugged/,0.11138143051585692,,0.4991,middle50
2404041703,finalized,20,7/31/2019 20:16:46,no,0.8203,victoriassecret,user,1242923269510618114_44149054.jpg,https://brandperception.s3.amazonaws.com/imagenet_eval_top50_middle50_bottom50/rugged/bottom50/1242923269510618114_44149054.jpg,user/victoriassecret/1242923269510618114_44149054.jpg,https://brandperception.s3.amazonaws.com/imagenet_eval_top50_middle50_bottom50/rugged/,0.11158781481410984,,1.0e-05,bottom50
2404041704,finalized,20,7/31/2019 20:23:19,yes,0.8384,adidas,official,1169031_654394891372329_1227979273_n.jpg,https://brandperception.s3.amazonaws.com/imagenet_eval_top50_middle50_bottom50/rugged/top50/1169031_654394891372329_1227979273_n.jpg,official/adidas/1169031_654394891372329_1227979273_n.jpg,https://brandperception.s3.amazonaws.com/imagenet_eval_top50_middle50_bottom50/rugged/,0.1125467005182833,,0.975582,top50
2404041705,finalized,20,7/31/2019 20:23:19,no,1.0,hollisterco,official,12728423_1748867942013359_1559832116_n.jpg,https://brandperception.s3.amazonaws.com/imagenet_eval_top50_middle50_bottom50/rugged/middle50/12728423_1748867942013359_1559832116_n.jpg,official/hollisterco/12728423_1748867942013359_1559832116_n.jpg,https://brandperception.s3.amazonaws.com/imagenet_eval_top50_middle50_bottom50/rugged/,0.11543723586897892,,0.500061,middle50
2404041706,finalized,20,7/31/2019 20:23:19,yes,0.923,eddiebauer,official,11246500_1643942369181454_1538337032_n.jpg,https://brandperception.s3.amazonaws.com/imagenet_eval_top50_middle50_bottom50/rugged/top50/11246500_1643942369181454_1538337032_n.jpg,official/eddiebauer/11246500_1643942369181454_1538337032_n.jpg,https://brandperception.s3.amazonaws.com/imagenet_eval_top50_middle50_bottom50/rugged/,0.12473856960586682,,0.975145,top50
2404041707,finalized,20,7/31/2019 20:23:24,yes,0.5455,joeboxer,user,1077751748840790454_27433461.jpg,https://brandperception.s3.amazonaws.com/imagenet_eval_top50_middle50_bottom50/rugged/middle50/1077751748840790454_27433461.jpg,user/joeboxer/1077751748840790454_27433461.jpg,https://brandperception.s3.amazonaws.com/imagenet_eval_top50_middle50_bottom50/rugged/,0.14339847506628878,,0.499652,middle50
2404041708,finalized,20,7/31/2019 20:23:19,yes,0.923,eddiebauer,official,11191116_1616075401972030_2044402853_n.jpg,https://brandperception.s3.amazonaws.com/imagenet_eval_top50_middle50_bottom50/rugged/top50/11191116_1616075401972030_2044402853_n.jpg,official/eddiebauer/11191116_1616075401972030_2044402853_n.jpg,https://brandperception.s3.amazonaws.com/imagenet_eval_top50_middle50_bottom50/rugged/,0.1477561405948492,,0.973639,top50
2404041709,finalized,20,7/31/2019 20:21:25,no,1.0,bigelowtea,official,13129730_1862062994021036_265142267_n.jpg,https://brandperception.s3.amazonaws.com/imagenet_eval_top50_middle50_bottom50/rugged/bottom50/13129730_1862062994021036_265142267_n.jpg,official/bigelowtea/13129730_1862062994021036_265142267_n.jpg,https://brandperception.s3.amazonaws.com/imagenet_eval_top50_middle50_bottom50/rugged/,0.15436111833001043,,2.3e-05,bottom50
2404041710,finalized,20,7/31/2019 20:21:25,no,0.9625,cocacola,user,1244923971213165479_31355479.jpg,https://brandperception.s3.amazonaws.com/imagenet_eval_top50_middle50_bottom50/rugged/bottom50/1244923971213165479_31355479.jpg,user/cocacola/1244923971213165479_31355479.jpg,https://brandperception.s3.amazonaws.com/imagenet_eval_top50_middle50_bottom50/rugged/,0.15506652543659716,,2.0e-06,bottom50
2404041711,finalized,20,7/31/2019 21:26:43,no,0.9155,lipton,user,1238447150701157485_328622246.jpg,https://brandperception.s3.amazonaws.com/imagenet_eval_top50_middle50_bottom50/rugged/bottom50/1238447150701157485_328622246.jpg,user/lipton/1238447150701157485_328622246.jpg,https://brandperception.s3.amazonaws.com/imagenet_eval_top50_middle50_bottom50/rugged/,0.17291370707898845,,6.0e-06,bottom50
2404041712,finalized,20,7/31/2019 19:59:07,no,1.0,bigelow,user,1206573109454674227_41431381.jpg,https://brandperception.s3.amazonaws.com/imagenet_eval_top50_middle50_bottom50/rugged/bottom50/1206573109454674227_41431381.jpg,user/bigelow/1206573109454674227_41431381.jpg,https://brandperception.s3.amazonaws.com/imagenet_eval_top50_middle50_bottom50/rugged/,0.17391415024357282,,2.2e-05,bottom50
2404041713,finalized,20,7/31/2019 20:25:25,no,0.9115,dockers,user,1230647042769325248_2440027466.jpg,https://brandperception.s3.amazonaws.com/imagenet_eval_top50_middle50_bottom50/rugged/middle50/1230647042769325248_2440027466.jpg,user/dockers/1230647042769325248_2440027466.jpg,https://brandperception.s3.amazonaws.com/imagenet_eval_top50_middle50_bottom50/rugged/,0.1744281236509453,,0.500614,middle50
2404041714,finalized,20,7/31/2019 20:02:00,yes,0.9643,eddiebauer,official,12107679_1681851568768065_2036554042_n.jpg,https://brandperception.s3.amazonaws.com/imagenet_eval_top50_middle50_bottom50/rugged/top50/12107679_1681851568768065_2036554042_n.jpg,official/eddiebauer/12107679_1681851568768065_2036554042_n.jpg,https://brandperception.s3.amazonaws.com/imagenet_eval_top50_middle50_bottom50/rugged/,0.1863524358452897,,0.975188,top50
2404041715,finalized,20,7/31/2019 20:23:24,yes,0.7872,eddiebauer,official,924416_291941554322168_1014557356_n.jpg,https://brandperception.s3.amazonaws.com/imagenet_eval_top50_middle50_bottom50/rugged/middle50/924416_291941554322168_1014557356_n.jpg,official/eddiebauer/924416_291941554322168_1014557356_n.jpg,https://brandperception.s3.amazonaws.com/imagenet_eval_top50_middle50_bottom50/rugged/,0.19020396484368274,,0.501197,middle50
2404041716,finalized,20,7/31/2019 20:23:19,no,0.9564,abercrombie,official,10957301_1536850809928084_1178826880_n.jpg,https://brandperception.s3.amazonaws.com/imagenet_eval_top50_middle50_bottom50/rugged/middle50/10957301_1536850809928084_1178826880_n.jpg,official/abercrombie/10957301_1536850809928084_1178826880_n.jpg,https://brandperception.s3.amazonaws.com/imagenet_eval_top50_middle50_bottom50/rugged/,0.19987801497262492,,0.500221,middle50
2404041717,finalized,20,7/31/2019 21:30:44,no,0.7958,anntaylor,official,12558896_926872690700134_1925788667_n.jpg,https://brandperception.s3.amazonaws.com/imagenet_eval_top50_middle50_bottom50/rugged/middle50/12558896_926872690700134_1925788667_n.jpg,official/anntaylor/12558896_926872690700134_1925788667_n.jpg,https://brandperception.s3.amazonaws.com/imagenet_eval_top50_middle50_bottom50/rugged/,0.21679011008660132,,0.498853,middle50
2404041718,finalized,20,7/31/2019 20:25:25,yes,0.9244,eddiebauer,user,1232207185006686490_365950123.jpg,https://brandperception.s3.amazonaws.com/imagenet_eval_top50_middle50_bottom50/rugged/top50/1232207185006686490_365950123.jpg,user/eddiebauer/1232207185006686490_365950123.jpg,https://brandperception.s3.amazonaws.com/imagenet_eval_top50_middle50_bottom50/rugged/,0.21737356518111928,,0.984484,top50
2404041719,finalized,20,7/31/2019 20:23:24,yes,0.7882,tazo,user,1219364570012107005_3093559399.jpg,https://brandperception.s3.amazonaws.com/imagenet_eval_top50_middle50_bottom50/rugged/middle50/1219364570012107005_3093559399.jpg,user/tazo/1219364570012107005_3093559399.jpg,https://brandperception.s3.amazonaws.com/imagenet_eval_top50_middle50_bottom50/rugged/,0.22024755541382435,,0.499374,middle50
2404041720,finalized,20,7/31/2019 21:26:43,no,0.5646,carhartt,official,13402539_249964948714859_620830867_n.jpg,https://brandperception.s3.amazonaws.com/imagenet_eval_top50_middle50_bottom50/rugged/middle50/13402539_249964948714859_620830867_n.jpg,official/carhartt/13402539_249964948714859_620830867_n.jpg,https://brandperception.s3.amazonaws.com/imagenet_eval_top50_middle50_bottom50/rugged/,0.22172138863176793,,0.49987,middle50
2404041721,finalized,20,7/31/2019 20:21:25,no,1.0,sanpellegrino,user,1240263646987290414_676200128.jpg,https://brandperception.s3.amazonaws.com/imagenet_eval_top50_middle50_bottom50/rugged/bottom50/1240263646987290414_676200128.jpg,user/sanpellegrino/1240263646987290414_676200128.jpg,https://brandperception.s3.amazonaws.com/imagenet_eval_top50_middle50_bottom50/rugged/,0.22316361000759855,,1.4e-05,bottom50
2404041722,finalized,20,7/31/2019 19:59:07,no,0.9642,bigelowtea,official,11258658_1525963950957570_1207907002_n.jpg,https://brandperception.s3.amazonaws.com/imagenet_eval_top50_middle50_bottom50/rugged/bottom50/11258658_1525963950957570_1207907002_n.jpg,official/bigelowtea/11258658_1525963950957570_1207907002_n.jpg,https://brandperception.s3.amazonaws.com/imagenet_eval_top50_middle50_bottom50/rugged/,0.2231992377605868,,2.0e-05,bottom50
2404041723,finalized,20,7/31/2019 19:59:07,yes,0.8643,eddiebauer,user,1228304887122221915_184579853.jpg,https://brandperception.s3.amazonaws.com/imagenet_eval_top50_middle50_bottom50/rugged/top50/1228304887122221915_184579853.jpg,user/eddiebauer/1228304887122221915_184579853.jpg,https://brandperception.s3.amazonaws.com/imagenet_eval_top50_middle50_bottom50/rugged/,0.2290438937740239,,0.994829,top50
2404041724,finalized,20,7/31/2019 20:25:25,no,0.7043,hollisterco,official,11253967_907979835924246_831243222_n.jpg,https://brandperception.s3.amazonaws.com/imagenet_eval_top50_middle50_bottom50/rugged/middle50/11253967_907979835924246_831243222_n.jpg,official/hollisterco/11253967_907979835924246_831243222_n.jpg,https://brandperception.s3.amazonaws.com/imagenet_eval_top50_middle50_bottom50/rugged/,0.23644662229733626,,0.500909,middle50
2404041725,finalized,20,7/31/2019 20:25:25,yes,0.9642,monsterenergy,official,13651971_1791495481085164_1345207829_n.jpg,https://brandperception.s3.amazonaws.com/imagenet_eval_top50_middle50_bottom50/rugged/middle50/13651971_1791495481085164_1345207829_n.jpg,official/monsterenergy/13651971_1791495481085164_1345207829_n.jpg,https://brandperception.s3.amazonaws.com/imagenet_eval_top50_middle50_bottom50/rugged/,0.23666893287705204,,0.500155,middle50
2404041726,finalized,20,7/31/2019 20:21:25,no,0.9506,bigelow,user,1103193305192923672_1365671855.jpg,https://brandperception.s3.amazonaws.com/imagenet_eval_top50_middle50_bottom50/rugged/bottom50/1103193305192923672_1365671855.jpg,user/bigelow/1103193305192923672_1365671855.jpg,https://brandperception.s3.amazonaws.com/imagenet_eval_top50_middle50_bottom50/rugged/,0.24236479889422846,,1.2e-05,bottom50
2404041727,finalized,20,7/31/2019 20:23:19,no,0.9189,victoriassecret,official,10948831_1537717843171121_743571477_n.jpg,https://brandperception.s3.amazonaws.com/imagenet_eval_top50_middle50_bottom50/rugged/bottom50/10948831_1537717843171121_743571477_n.jpg,official/victoriassecret/10948831_1537717843171121_743571477_n.jpg,https://brandperception.s3.amazonaws.com/imagenet_eval_top50_middle50_bottom50/rugged/,0.249066565731226,,1.6e-05,bottom50
2404041728,finalized,20,7/31/2019 20:02:00,yes,0.9603,eddiebauer,official,11232586_482616125227384_241619550_n.jpg,https://brandperception.s3.amazonaws.com/imagenet_eval_top50_middle50_bottom50/rugged/top50/11232586_482616125227384_241619550_n.jpg,official/eddiebauer/11232586_482616125227384_241619550_n.jpg,https://brandperception.s3.amazonaws.com/imagenet_eval_top50_middle50_bottom50/rugged/,0.24942510065265822,,0.996289,top50
2404041729,finalized,20,7/31/2019 20:16:46,no,0.6475,guess,official,10245983_509960212441760_586902216_n.jpg,https://brandperception.s3.amazonaws.com/imagenet_eval_top50_middle50_bottom50/rugged/middle50/10245983_509960212441760_586902216_n.jpg,official/guess/10245983_509960212441760_586902216_n.jpg,https://brandperception.s3.amazonaws.com/imagenet_eval_top50_middle50_bottom50/rugged/,0.25101324352947585,,0.501053,middle50
2404041730,finalized,20,7/31/2019 20:08:15,yes,0.9204,eddiebauer,official,11324986_1585999641653975_13253394_n.jpg,https://brandperception.s3.amazonaws.com/imagenet_eval_top50_middle50_bottom50/rugged/top50/11324986_1585999641653975_13253394_n.jpg,official/eddiebauer/11324986_1585999641653975_13253394_n.jpg,https://brandperception.s3.amazonaws.com/imagenet_eval_top50_middle50_bottom50/rugged/,0.2614562702115548,,0.972791,top50
2404041731,finalized,20,7/31/2019 20:25:25,no,0.9529,victoriassecret,official,10919715_1536840316585913_380288402_n.jpg,https://brandperception.s3.amazonaws.com/imagenet_eval_top50_middle50_bottom50/rugged/bottom50/10919715_1536840316585913_380288402_n.jpg,official/victoriassecret/10919715_1536840316585913_380288402_n.jpg,https://brandperception.s3.amazonaws.com/imagenet_eval_top50_middle50_bottom50/rugged/,0.2630406233671817,,2.3e-05,bottom50
2404041732,finalized,20,7/31/2019 20:25:25,no,0.9469,lipton,user,1238043431267997072_12393844.jpg,https://brandperception.s3.amazonaws.com/imagenet_eval_top50_middle50_bottom50/rugged/bottom50/1238043431267997072_12393844.jpg,user/lipton/1238043431267997072_12393844.jpg,https://brandperception.s3.amazonaws.com/imagenet_eval_top50_middle50_bottom50/rugged/,0.2652045321498676,,2.0e-05,bottom50
2404041733,finalized,20,7/31/2019 21:28:27,no,0.7299,monsterenergy,official,11191476_831139406963820_468490922_n.jpg,https://brandperception.s3.amazonaws.com/imagenet_eval_top50_middle50_bottom50/rugged/middle50/11191476_831139406963820_468490922_n.jpg,official/monsterenergy/11191476_831139406963820_468490922_n.jpg,https://brandperception.s3.amazonaws.com/imagenet_eval_top50_middle50_bottom50/rugged/,0.2733987684570315,,0.501122,middle50
2404041734,finalized,20,7/31/2019 20:16:46,yes,0.8328,eddiebauer,official,12317489_1540646509559507_1185002419_n.jpg,https://brandperception.s3.amazonaws.com/imagenet_eval_top50_middle50_bottom50/rugged/top50/12317489_1540646509559507_1185002419_n.jpg,official/eddiebauer/12317489_1540646509559507_1185002419_n.jpg,https://brandperception.s3.amazonaws.com/imagenet_eval_top50_middle50_bottom50/rugged/,0.27490421604158755,,0.976219,top50
2404041735,finalized,20,7/31/2019 20:23:24,no,0.9135,vitaminwater,user,1214769433793356994_1217329184.jpg,https://brandperception.s3.amazonaws.com/imagenet_eval_top50_middle50_bottom50/rugged/bottom50/1214769433793356994_1217329184.jpg,user/vitaminwater/1214769433793356994_1217329184.jpg,https://brandperception.s3.amazonaws.com/imagenet_eval_top50_middle50_bottom50/rugged/,0.27536430485019525,,1.7e-05,bottom50
2404041736,finalized,20,7/31/2019 20:08:15,yes,0.9204,urbanoutfitters,official,11324493_1477392342575006_72050084_n.jpg,https://brandperception.s3.amazonaws.com/imagenet_eval_top50_middle50_bottom50/rugged/top50/11324493_1477392342575006_72050084_n.jpg,official/urbanoutfitters/11324493_1477392342575006_72050084_n.jpg,https://brandperception.s3.amazonaws.com/imagenet_eval_top50_middle50_bottom50/rugged/,0.30587490738430945,,0.983104,top50
2404041737,finalized,20,7/31/2019 20:21:25,no,0.9131,nesquik,user,1236839593892576262_2277486726.jpg,https://brandperception.s3.amazonaws.com/imagenet_eval_top50_middle50_bottom50/rugged/bottom50/1236839593892576262_2277486726.jpg,user/nesquik/1236839593892576262_2277486726.jpg,https://brandperception.s3.amazonaws.com/imagenet_eval_top50_middle50_bottom50/rugged/,0.311159361765872,,2.0e-05,bottom50
2404041738,finalized,20,7/31/2019 20:08:15,no,1.0,juicycouture,official,11199458_107505079580464_2110791028_n.jpg,https://brandperception.s3.amazonaws.com/imagenet_eval_top50_middle50_bottom50/rugged/bottom50/11199458_107505079580464_2110791028_n.jpg,official/juicycouture/11199458_107505079580464_2110791028_n.jpg,https://brandperception.s3.amazonaws.com/imagenet_eval_top50_middle50_bottom50/rugged/,0.313137578225439,,2.0e-05,bottom50
2404041739,finalized,20,7/31/2019 21:28:27,yes,0.8413,eddiebauer,official,13562017_517950075077943_2075489894_n.jpg,https://brandperception.s3.amazonaws.com/imagenet_eval_top50_middle50_bottom50/rugged/top50/13562017_517950075077943_2075489894_n.jpg,official/eddiebauer/13562017_517950075077943_2075489894_n.jpg,https://brandperception.s3.amazonaws.com/imagenet_eval_top50_middle50_bottom50/rugged/,0.32011835057708116,,0.980311,top50
2404041740,finalized,20,7/31/2019 20:25:25,yes,0.8271,gap,official,10362241_299134260268360_2069987458_n.jpg,https://brandperception.s3.amazonaws.com/imagenet_eval_top50_middle50_bottom50/rugged/top50/10362241_299134260268360_2069987458_n.jpg,official/gap/10362241_299134260268360_2069987458_n.jpg,https://brandperception.s3.amazonaws.com/imagenet_eval_top50_middle50_bottom50/rugged/,0.3439088112453972,,0.991548,top50
2404041741,finalized,20,7/31/2019 20:23:24,yes,0.5284,dockerskhakis,official,10246172_1438604189715868_1719110727_n.jpg,https://brandperception.s3.amazonaws.com/imagenet_eval_top50_middle50_bottom50/rugged/top50/10246172_1438604189715868_1719110727_n.jpg,official/dockerskhakis/10246172_1438604189715868_1719110727_n.jpg,https://brandperception.s3.amazonaws.com/imagenet_eval_top50_middle50_bottom50/rugged/,0.3668914322893194,,0.981082,top50
2404041742,finalized,20,7/31/2019 19:59:07,yes,0.828,ralphlauren,official,11820710_182196525454321_549201241_n.jpg,https://brandperception.s3.amazonaws.com/imagenet_eval_top50_middle50_bottom50/rugged/top50/11820710_182196525454321_549201241_n.jpg,official/ralphlauren/11820710_182196525454321_549201241_n.jpg,https://brandperception.s3.amazonaws.com/imagenet_eval_top50_middle50_bottom50/rugged/,0.37531734200884703,,0.997886,top50
2404041743,finalized,20,7/31/2019 20:08:15,yes,0.5068,llbean,user,1247087854238964883_1832191926.jpg,https://brandperception.s3.amazonaws.com/imagenet_eval_top50_middle50_bottom50/rugged/middle50/1247087854238964883_1832191926.jpg,user/llbean/1247087854238964883_1832191926.jpg,https://brandperception.s3.amazonaws.com/imagenet_eval_top50_middle50_bottom50/rugged/,0.37647073615280535,,0.499964,middle50
2404041744,finalized,20,7/31/2019 20:46:08,no,0.5889,abercrombie,official,10520345_498993180245014_1528027492_n.jpg,https://brandperception.s3.amazonaws.com/imagenet_eval_top50_middle50_bottom50/rugged/middle50/10520345_498993180245014_1528027492_n.jpg,official/abercrombie/10520345_498993180245014_1528027492_n.jpg,https://brandperception.s3.amazonaws.com/imagenet_eval_top50_middle50_bottom50/rugged/,0.3790379758122141,,0.500683,middle50
2404041745,finalized,20,7/31/2019 20:02:00,no,0.9511,sanpellegrino_official,official,10724747_1492933770966246_530289731_n.jpg,https://brandperception.s3.amazonaws.com/imagenet_eval_top50_middle50_bottom50/rugged/bottom50/10724747_1492933770966246_530289731_n.jpg,official/sanpellegrino_official/10724747_1492933770966246_530289731_n.jpg,https://brandperception.s3.amazonaws.com/imagenet_eval_top50_middle50_bottom50/rugged/,0.3820710188831823,,1.8e-05,bottom50
2404041746,finalized,20,7/31/2019 20:21:25,yes,0.7895,gap,user,1242815583463959176_941963097.jpg,https://brandperception.s3.amazonaws.com/imagenet_eval_top50_middle50_bottom50/rugged/top50/1242815583463959176_941963097.jpg,user/gap/1242815583463959176_941963097.jpg,https://brandperception.s3.amazonaws.com/imagenet_eval_top50_middle50_bottom50/rugged/,0.38366969910280013,,0.984008,top50
2404041747,finalized,20,7/31/2019 20:46:08,yes,0.6019,eddiebauer,official,928525_1416157388660601_1941279321_n.jpg,https://brandperception.s3.amazonaws.com/imagenet_eval_top50_middle50_bottom50/rugged/middle50/928525_1416157388660601_1941279321_n.jpg,official/eddiebauer/928525_1416157388660601_1941279321_n.jpg,https://brandperception.s3.amazonaws.com/imagenet_eval_top50_middle50_bottom50/rugged/,0.3884783051567322,,0.498893,middle50
2404041748,finalized,20,7/31/2019 20:02:00,no,0.9133,moetchandon,user,1240557513618443999_4492770.jpg,https://brandperception.s3.amazonaws.com/imagenet_eval_top50_middle50_bottom50/rugged/middle50/1240557513618443999_4492770.jpg,user/moetchandon/1240557513618443999_4492770.jpg,https://brandperception.s3.amazonaws.com/imagenet_eval_top50_middle50_bottom50/rugged/,0.39279141485595603,,0.500857,middle50
2404041749,finalized,20,7/31/2019 20:23:19,no,1.0,bigelow,user,1225683146320517875_1405746925.jpg,https://brandperception.s3.amazonaws.com/imagenet_eval_top50_middle50_bottom50/rugged/bottom50/1225683146320517875_1405746925.jpg,user/bigelow/1225683146320517875_1405746925.jpg,https://brandperception.s3.amazonaws.com/imagenet_eval_top50_middle50_bottom50/rugged/,0.3994727510008157,,2.3e-05,bottom50
2404041750,finalized,20,7/31/2019 20:16:46,no,0.899,swissmiss,user,1237804483462059178_2976712324.jpg,https://brandperception.s3.amazonaws.com/imagenet_eval_top50_middle50_bottom50/rugged/bottom50/1237804483462059178_2976712324.jpg,user/swissmiss/1237804483462059178_2976712324.jpg,https://brandperception.s3.amazonaws.com/imagenet_eval_top50_middle50_bottom50/rugged/,0.4025810801297731,,6.0e-06,bottom50
2404041751,finalized,20,7/31/2019 20:46:08,no,0.8394,victoriassecret,user,1243350194167909774_686844770.jpg,https://brandperception.s3.amazonaws.com/imagenet_eval_top50_middle50_bottom50/rugged/bottom50/1243350194167909774_686844770.jpg,user/victoriassecret/1243350194167909774_686844770.jpg,https://brandperception.s3.amazonaws.com/imagenet_eval_top50_middle50_bottom50/rugged/,0.405793216483446,,1.8e-05,bottom50
2404041752,finalized,20,7/31/2019 21:28:27,yes,0.5766,lipton,user,1238153081136159004_3097427885.jpg,https://brandperception.s3.amazonaws.com/imagenet_eval_top50_middle50_bottom50/rugged/top50/1238153081136159004_3097427885.jpg,user/lipton/1238153081136159004_3097427885.jpg,https://brandperception.s3.amazonaws.com/imagenet_eval_top50_middle50_bottom50/rugged/,0.43112828630583333,,0.975131,top50
2404041753,finalized,20,7/31/2019 20:46:08,yes,0.8332,llbean,official,11330756_1608508136056298_1935208334_n.jpg,https://brandperception.s3.amazonaws.com/imagenet_eval_top50_middle50_bottom50/rugged/top50/11330756_1608508136056298_1935208334_n.jpg,official/llbean/11330756_1608508136056298_1935208334_n.jpg,https://brandperception.s3.amazonaws.com/imagenet_eval_top50_middle50_bottom50/rugged/,0.4322442779577036,,0.987696,top50
2404041754,finalized,20,7/31/2019 20:02:00,no,1.0,drpepper,user,1237340675647218585_2136036543.jpg,https://brandperception.s3.amazonaws.com/imagenet_eval_top50_middle50_bottom50/rugged/bottom50/1237340675647218585_2136036543.jpg,user/drpepper/1237340675647218585_2136036543.jpg,https://brandperception.s3.amazonaws.com/imagenet_eval_top50_middle50_bottom50/rugged/,0.43735643894779497,,1.8e-05,bottom50
2404041755,finalized,20,7/31/2019 20:46:08,no,1.0,kennethcole,official,11325026_793965377385932_2099222970_n.jpg,https://brandperception.s3.amazonaws.com/imagenet_eval_top50_middle50_bottom50/rugged/bottom50/11325026_793965377385932_2099222970_n.jpg,official/kennethcole/11325026_793965377385932_2099222970_n.jpg,https://brandperception.s3.amazonaws.com/imagenet_eval_top50_middle50_bottom50/rugged/,0.44423384691970813,,2.0e-05,bottom50
2404041756,finalized,20,7/31/2019 20:23:24,no,1.0,welchs,user,1171619727638148716_1557648468.jpg,https://brandperception.s3.amazonaws.com/imagenet_eval_top50_middle50_bottom50/rugged/bottom50/1171619727638148716_1557648468.jpg,user/welchs/1171619727638148716_1557648468.jpg,https://brandperception.s3.amazonaws.com/imagenet_eval_top50_middle50_bottom50/rugged/,0.4443521807888452,,1.8e-05,bottom50
2404041757,finalized,20,7/31/2019 21:26:43,no,0.9607,tazo,user,1211313590851430246_31224952.jpg,https://brandperception.s3.amazonaws.com/imagenet_eval_top50_middle50_bottom50/rugged/bottom50/1211313590851430246_31224952.jpg,user/tazo/1211313590851430246_31224952.jpg,https://brandperception.s3.amazonaws.com/imagenet_eval_top50_middle50_bottom50/rugged/,0.44672651083820436,,2.0e-05,bottom50
2404041758,finalized,20,7/31/2019 20:23:19,no,0.8753,guess,official,10895380_774848452590428_617672922_n.jpg,https://brandperception.s3.amazonaws.com/imagenet_eval_top50_middle50_bottom50/rugged/bottom50/10895380_774848452590428_617672922_n.jpg,official/guess/10895380_774848452590428_617672922_n.jpg,https://brandperception.s3.amazonaws.com/imagenet_eval_top50_middle50_bottom50/rugged/,0.4473757675389284,,2.3e-05,bottom50
2404041759,finalized,20,7/31/2019 20:08:15,yes,0.9204,eddiebauer,official,10547305_468597296644525_314987875_n.jpg,https://brandperception.s3.amazonaws.com/imagenet_eval_top50_middle50_bottom50/rugged/top50/10547305_468597296644525_314987875_n.jpg,official/eddiebauer/10547305_468597296644525_314987875_n.jpg,https://brandperception.s3.amazonaws.com/imagenet_eval_top50_middle50_bottom50/rugged/,0.4538262658034473,,0.978316,top50
2404041760,finalized,20,7/31/2019 20:16:46,no,0.8189,lipton,user,1238886750265423766_494015140.jpg,https://brandperception.s3.amazonaws.com/imagenet_eval_top50_middle50_bottom50/rugged/bottom50/1238886750265423766_494015140.jpg,user/lipton/1238886750265423766_494015140.jpg,https://brandperception.s3.amazonaws.com/imagenet_eval_top50_middle50_bottom50/rugged/,0.45415130082327093,,1.1e-05,bottom50
2404041761,finalized,20,7/31/2019 19:59:07,no,1.0,bacardi,user,1241939216091931510_2307229695.jpg,https://brandperception.s3.amazonaws.com/imagenet_eval_top50_middle50_bottom50/rugged/bottom50/1241939216091931510_2307229695.jpg,user/bacardi/1241939216091931510_2307229695.jpg,https://brandperception.s3.amazonaws.com/imagenet_eval_top50_middle50_bottom50/rugged/,0.45585073504252427,,1.6e-05,bottom50
2404041762,finalized,20,7/31/2019 20:25:25,no,1.0,tazo,user,1231912723815161934_3044104695.jpg,https://brandperception.s3.amazonaws.com/imagenet_eval_top50_middle50_bottom50/rugged/bottom50/1231912723815161934_3044104695.jpg,user/tazo/1231912723815161934_3044104695.jpg,https://brandperception.s3.amazonaws.com/imagenet_eval_top50_middle50_bottom50/rugged/,0.45602722678635776,,4.0e-06,bottom50
2404041763,finalized,20,7/31/2019 20:23:24,no,1.0,lipton,user,1236304805199647439_2037530547.jpg,https://brandperception.s3.amazonaws.com/imagenet_eval_top50_middle50_bottom50/rugged/bottom50/1236304805199647439_2037530547.jpg,user/lipton/1236304805199647439_2037530547.jpg,https://brandperception.s3.amazonaws.com/imagenet_eval_top50_middle50_bottom50/rugged/,0.4575651461122071,,1.3e-05,bottom50
2404041764,finalized,20,7/31/2019 20:16:46,no,0.8138,levis,user,1243144831746042146_16046401.jpg,https://brandperception.s3.amazonaws.com/imagenet_eval_top50_middle50_bottom50/rugged/middle50/1243144831746042146_16046401.jpg,user/levis/1243144831746042146_16046401.jpg,https://brandperception.s3.amazonaws.com/imagenet_eval_top50_middle50_bottom50/rugged/,0.46008321433717647,,0.500011,middle50
2404041765,finalized,20,7/31/2019 20:08:15,no,1.0,swissmiss,user,1200536726251756986_2996295758.jpg,https://brandperception.s3.amazonaws.com/imagenet_eval_top50_middle50_bottom50/rugged/bottom50/1200536726251756986_2996295758.jpg,user/swissmiss/1200536726251756986_2996295758.jpg,https://brandperception.s3.amazonaws.com/imagenet_eval_top50_middle50_bottom50/rugged/,0.46868657629588106,,2.0e-06,bottom50
2404041766,finalized,20,7/31/2019 19:59:07,no,0.7135,gatorade,user,1235585701293255264_185297233.jpg,https://brandperception.s3.amazonaws.com/imagenet_eval_top50_middle50_bottom50/rugged/middle50/1235585701293255264_185297233.jpg,user/gatorade/1235585701293255264_185297233.jpg,https://brandperception.s3.amazonaws.com/imagenet_eval_top50_middle50_bottom50/rugged/,0.4858508186991569,,0.500192,middle50
2404041767,finalized,20,7/31/2019 20:16:46,yes,0.7872,hollisterco,official,12142415_894567317278902_763359727_n.jpg,https://brandperception.s3.amazonaws.com/imagenet_eval_top50_middle50_bottom50/rugged/top50/12142415_894567317278902_763359727_n.jpg,official/hollisterco/12142415_894567317278902_763359727_n.jpg,https://brandperception.s3.amazonaws.com/imagenet_eval_top50_middle50_bottom50/rugged/,0.48630321782770847,,0.983779,top50
2404041768,finalized,20,7/31/2019 20:23:19,yes,0.8356,sanpellegrino,user,1241363727925037138_531320433.jpg,https://brandperception.s3.amazonaws.com/imagenet_eval_top50_middle50_bottom50/rugged/top50/1241363727925037138_531320433.jpg,user/sanpellegrino/1241363727925037138_531320433.jpg,https://brandperception.s3.amazonaws.com/imagenet_eval_top50_middle50_bottom50/rugged/,0.49014429380435387,,0.990146,top50
2404041769,finalized,20,7/31/2019 20:23:19,yes,0.8235,eddiebauer,official,12940133_1019802724753792_611084995_n.jpg,https://brandperception.s3.amazonaws.com/imagenet_eval_top50_middle50_bottom50/rugged/middle50/12940133_1019802724753792_611084995_n.jpg,official/eddiebauer/12940133_1019802724753792_611084995_n.jpg,https://brandperception.s3.amazonaws.com/imagenet_eval_top50_middle50_bottom50/rugged/,0.5114374016486748,,0.500263,middle50
2404041770,finalized,20,7/31/2019 20:08:15,no,0.8599,gucci,user,1251784403668949188_3237266013.jpg,https://brandperception.s3.amazonaws.com/imagenet_eval_top50_middle50_bottom50/rugged/middle50/1251784403668949188_3237266013.jpg,user/gucci/1251784403668949188_3237266013.jpg,https://brandperception.s3.amazonaws.com/imagenet_eval_top50_middle50_bottom50/rugged/,0.5221602324611992,,0.499527,middle50
2404041771,finalized,20,7/31/2019 20:21:25,yes,0.8862,monsterenergy,official,12783418_203233026703542_1686394964_n.jpg,https://brandperception.s3.amazonaws.com/imagenet_eval_top50_middle50_bottom50/rugged/middle50/12783418_203233026703542_1686394964_n.jpg,official/monsterenergy/12783418_203233026703542_1686394964_n.jpg,https://brandperception.s3.amazonaws.com/imagenet_eval_top50_middle50_bottom50/rugged/,0.5298288981503033,,0.500081,middle50
2404041772,finalized,20,7/31/2019 21:32:12,no,0.8877,victoriassecret,official,11376226_380392652156733_1667072503_n.jpg,https://brandperception.s3.amazonaws.com/imagenet_eval_top50_middle50_bottom50/rugged/bottom50/11376226_380392652156733_1667072503_n.jpg,official/victoriassecret/11376226_380392652156733_1667072503_n.jpg,https://brandperception.s3.amazonaws.com/imagenet_eval_top50_middle50_bottom50/rugged/,0.5360704552228498,,1.8e-05,bottom50
2404041773,finalized,20,7/31/2019 20:16:46,yes,0.881,eddiebauer,official,10809479_833600626756874_2044214657_n.jpg,https://brandperception.s3.amazonaws.com/imagenet_eval_top50_middle50_bottom50/rugged/top50/10809479_833600626756874_2044214657_n.jpg,official/eddiebauer/10809479_833600626756874_2044214657_n.jpg,https://brandperception.s3.amazonaws.com/imagenet_eval_top50_middle50_bottom50/rugged/,0.554865921147298,,0.983426,top50
2404041774,finalized,20,7/31/2019 20:46:08,yes,0.8332,llbean,official,11909946_1623510704598023_692881117_n.jpg,https://brandperception.s3.amazonaws.com/imagenet_eval_top50_middle50_bottom50/rugged/top50/11909946_1623510704598023_692881117_n.jpg,official/llbean/11909946_1623510704598023_692881117_n.jpg,https://brandperception.s3.amazonaws.com/imagenet_eval_top50_middle50_bottom50/rugged/,0.5580866355245839,,0.999366,top50
2404041775,finalized,20,7/31/2019 20:21:25,no,0.9658,victoriassecret,official,11358301_444057689106619_631190894_n.jpg,https://brandperception.s3.amazonaws.com/imagenet_eval_top50_middle50_bottom50/rugged/bottom50/11358301_444057689106619_631190894_n.jpg,official/victoriassecret/11358301_444057689106619_631190894_n.jpg,https://brandperception.s3.amazonaws.com/imagenet_eval_top50_middle50_bottom50/rugged/,0.5606920128737417,,9.0e-06,bottom50
2404041776,finalized,20,7/31/2019 20:16:46,no,0.8185,guess,official,927231_437150946412897_690816166_n.jpg,https://brandperception.s3.amazonaws.com/imagenet_eval_top50_middle50_bottom50/rugged/middle50/927231_437150946412897_690816166_n.jpg,official/guess/927231_437150946412897_690816166_n.jpg,https://brandperception.s3.amazonaws.com/imagenet_eval_top50_middle50_bottom50/rugged/,0.5624951893773668,,0.499581,middle50
2404041777,finalized,20,7/31/2019 20:25:25,yes,0.877,converse,official,12301236_1651811621773118_1777444777_n.jpg,https://brandperception.s3.amazonaws.com/imagenet_eval_top50_middle50_bottom50/rugged/middle50/12301236_1651811621773118_1777444777_n.jpg,official/converse/12301236_1651811621773118_1777444777_n.jpg,https://brandperception.s3.amazonaws.com/imagenet_eval_top50_middle50_bottom50/rugged/,0.5715804823383445,,0.498954,middle50
2404041778,finalized,20,7/31/2019 20:46:08,no,0.805,abercrombie,official,928878_814719241956361_2027161363_n.jpg,https://brandperception.s3.amazonaws.com/imagenet_eval_top50_middle50_bottom50/rugged/middle50/928878_814719241956361_2027161363_n.jpg,official/abercrombie/928878_814719241956361_2027161363_n.jpg,https://brandperception.s3.amazonaws.com/imagenet_eval_top50_middle50_bottom50/rugged/,0.572483257068438,,0.498996,middle50
2404041779,finalized,20,7/31/2019 20:02:00,yes,0.9246,eddiebauer,official,11007759_769968136406779_714532026_n.jpg,https://brandperception.s3.amazonaws.com/imagenet_eval_top50_middle50_bottom50/rugged/top50/11007759_769968136406779_714532026_n.jpg,official/eddiebauer/11007759_769968136406779_714532026_n.jpg,https://brandperception.s3.amazonaws.com/imagenet_eval_top50_middle50_bottom50/rugged/,0.5758921244607964,,0.978893,top50
2404041780,finalized,20,7/31/2019 21:26:43,no,0.6514,gatorade,user,1240369052767418735_1801466469.jpg,https://brandperception.s3.amazonaws.com/imagenet_eval_top50_middle50_bottom50/rugged/middle50/1240369052767418735_1801466469.jpg,user/gatorade/1240369052767418735_1801466469.jpg,https://brandperception.s3.amazonaws.com/imagenet_eval_top50_middle50_bottom50/rugged/,0.5810484775230542,,0.499259,middle50
2404041781,finalized,20,7/31/2019 20:02:00,yes,0.7658,luckybrandme,official,11950701_1518609188458292_617172087_n.jpg,https://brandperception.s3.amazonaws.com/imagenet_eval_top50_middle50_bottom50/rugged/middle50/11950701_1518609188458292_617172087_n.jpg,official/luckybrandme/11950701_1518609188458292_617172087_n.jpg,https://brandperception.s3.amazonaws.com/imagenet_eval_top50_middle50_bottom50/rugged/,0.5912649000210168,,0.500358,middle50
2404041782,finalized,20,7/31/2019 20:16:46,no,0.9518,sanpellegrino,user,1244949247241900604_1058708987.jpg,https://brandperception.s3.amazonaws.com/imagenet_eval_top50_middle50_bottom50/rugged/bottom50/1244949247241900604_1058708987.jpg,user/sanpellegrino/1244949247241900604_1058708987.jpg,https://brandperception.s3.amazonaws.com/imagenet_eval_top50_middle50_bottom50/rugged/,0.5925583112138897,,2.4e-05,bottom50
2404041783,finalized,20,7/31/2019 20:46:08,no,0.8653,sanpellegrino_official,official,11008213_387887778048031_2009236482_n.jpg,https://brandperception.s3.amazonaws.com/imagenet_eval_top50_middle50_bottom50/rugged/bottom50/11008213_387887778048031_2009236482_n.jpg,official/sanpellegrino_official/11008213_387887778048031_2009236482_n.jpg,https://brandperception.s3.amazonaws.com/imagenet_eval_top50_middle50_bottom50/rugged/,0.611505132033589,,2.3e-05,bottom50
2404041785,finalized,20,7/31/2019 21:46:18,no,0.9516,greygoose,user,1240267681450503869_238999170.jpg,https://brandperception.s3.amazonaws.com/imagenet_eval_top50_middle50_bottom50/rugged/middle50/1240267681450503869_238999170.jpg,user/greygoose/1240267681450503869_238999170.jpg,https://brandperception.s3.amazonaws.com/imagenet_eval_top50_middle50_bottom50/rugged/,0.6309051164528268,,0.4996,middle50
2404041786,finalized,20,7/31/2019 21:36:45,yes,0.7369,monsterenergy,official,11189382_1430465033935738_306735602_n.jpg,https://brandperception.s3.amazonaws.com/imagenet_eval_top50_middle50_bottom50/rugged/middle50/11189382_1430465033935738_306735602_n.jpg,official/monsterenergy/11189382_1430465033935738_306735602_n.jpg,https://brandperception.s3.amazonaws.com/imagenet_eval_top50_middle50_bottom50/rugged/,0.6380618275555925,,0.5009,middle50
2404041787,finalized,20,7/31/2019 21:36:45,yes,0.7861,eddiebauer,official,11254414_1689447401275090_1860068837_n.jpg,https://brandperception.s3.amazonaws.com/imagenet_eval_top50_middle50_bottom50/rugged/top50/11254414_1689447401275090_1860068837_n.jpg,official/eddiebauer/11254414_1689447401275090_1860068837_n.jpg,https://brandperception.s3.amazonaws.com/imagenet_eval_top50_middle50_bottom50/rugged/,0.6452929158238044,,0.98412,top50
2404041788,finalized,20,7/31/2019 21:46:18,no,1.0,motts,user,1063804712109248842_1493962595.jpg,https://brandperception.s3.amazonaws.com/imagenet_eval_top50_middle50_bottom50/rugged/bottom50/1063804712109248842_1493962595.jpg,user/motts/1063804712109248842_1493962595.jpg,https://brandperception.s3.amazonaws.com/imagenet_eval_top50_middle50_bottom50/rugged/,0.6528947082408872,,2.0e-06,bottom50
2404041789,finalized,20,7/31/2019 21:49:54,no,0.9002,swissmiss,user,1222572344414132165_240630340.jpg,https://brandperception.s3.amazonaws.com/imagenet_eval_top50_middle50_bottom50/rugged/bottom50/1222572344414132165_240630340.jpg,user/swissmiss/1222572344414132165_240630340.jpg,https://brandperception.s3.amazonaws.com/imagenet_eval_top50_middle50_bottom50/rugged/,0.6644113229733419,,1.1e-05,bottom50
2404041790,finalized,20,7/31/2019 22:42:29,no,0.904,welchs,official,11425279_671807226254415_1066841961_n.jpg,https://brandperception.s3.amazonaws.com/imagenet_eval_top50_middle50_bottom50/rugged/bottom50/11425279_671807226254415_1066841961_n.jpg,official/welchs/11425279_671807226254415_1066841961_n.jpg,https://brandperception.s3.amazonaws.com/imagenet_eval_top50_middle50_bottom50/rugged/,0.6689191356228749,,1.7e-05,bottom50
2404041791,finalized,20,7/31/2019 21:36:45,yes,0.6896,urbanoutfitters,user,1243221991672282819_145091310.jpg,https://brandperception.s3.amazonaws.com/imagenet_eval_top50_middle50_bottom50/rugged/top50/1243221991672282819_145091310.jpg,user/urbanoutfitters/1243221991672282819_145091310.jpg,https://brandperception.s3.amazonaws.com/imagenet_eval_top50_middle50_bottom50/rugged/,0.6872874406517987,,0.988398,top50
2404041792,finalized,20,7/31/2019 22:42:29,no,0.8541,hollisterco,official,13259665_1716526405262008_2145282241_n.jpg,https://brandperception.s3.amazonaws.com/imagenet_eval_top50_middle50_bottom50/rugged/middle50/13259665_1716526405262008_2145282241_n.jpg,official/hollisterco/13259665_1716526405262008_2145282241_n.jpg,https://brandperception.s3.amazonaws.com/imagenet_eval_top50_middle50_bottom50/rugged/,0.6984264975503783,,0.500451,middle50
2404041793,finalized,20,7/31/2019 22:42:29,no,0.9564,anntaylor,official,11254537_1001795323165516_1783208850_n.jpg,https://brandperception.s3.amazonaws.com/imagenet_eval_top50_middle50_bottom50/rugged/middle50/11254537_1001795323165516_1783208850_n.jpg,official/anntaylor/11254537_1001795323165516_1783208850_n.jpg,https://brandperception.s3.amazonaws.com/imagenet_eval_top50_middle50_bottom50/rugged/,0.7183726363109558,,0.499479,middle50
2404041794,finalized,20,7/31/2019 22:15:38,yes,0.8291,eddiebauer,official,13767556_1115985301823613_313725512_n.jpg,https://brandperception.s3.amazonaws.com/imagenet_eval_top50_middle50_bottom50/rugged/top50/13767556_1115985301823613_313725512_n.jpg,official/eddiebauer/13767556_1115985301823613_313725512_n.jpg,https://brandperception.s3.amazonaws.com/imagenet_eval_top50_middle50_bottom50/rugged/,0.7230737594166369,,0.981696,top50
2404041795,finalized,20,7/31/2019 21:47:13,no,1.0,sanpellegrino,user,1244230188439326726_1058708987.jpg,https://brandperception.s3.amazonaws.com/imagenet_eval_top50_middle50_bottom50/rugged/bottom50/1244230188439326726_1058708987.jpg,user/sanpellegrino/1244230188439326726_1058708987.jpg,https://brandperception.s3.amazonaws.com/imagenet_eval_top50_middle50_bottom50/rugged/,0.7313954613120134,,9.0e-06,bottom50
2404041796,finalized,20,7/31/2019 21:49:54,yes,0.8385,llbean,official,11373922_1618834618381832_1480929900_n.jpg,https://brandperception.s3.amazonaws.com/imagenet_eval_top50_middle50_bottom50/rugged/top50/11373922_1618834618381832_1480929900_n.jpg,official/llbean/11373922_1618834618381832_1480929900_n.jpg,https://brandperception.s3.amazonaws.com/imagenet_eval_top50_middle50_bottom50/rugged/,0.7323389210172613,,0.99354,top50
2404041797,finalized,20,7/31/2019 22:42:29,yes,0.783,eddiebauer,user,1222826871861973416_2888252211.jpg,https://brandperception.s3.amazonaws.com/imagenet_eval_top50_middle50_bottom50/rugged/top50/1222826871861973416_2888252211.jpg,user/eddiebauer/1222826871861973416_2888252211.jpg,https://brandperception.s3.amazonaws.com/imagenet_eval_top50_middle50_bottom50/rugged/,0.732629517525314,,0.984273,top50
2404041798,finalized,20,7/31/2019 21:46:18,yes,0.8327,llbean,official,12940118_1680869942162617_213214106_n.jpg,https://brandperception.s3.amazonaws.com/imagenet_eval_top50_middle50_bottom50/rugged/top50/12940118_1680869942162617_213214106_n.jpg,official/llbean/12940118_1680869942162617_213214106_n.jpg,https://brandperception.s3.amazonaws.com/imagenet_eval_top50_middle50_bottom50/rugged/,0.7370370541421161,,0.985817,top50
2404041799,finalized,20,7/31/2019 22:42:29,no,0.8217,cocacola,user,1245060789613459569_1913342909.jpg,https://brandperception.s3.amazonaws.com/imagenet_eval_top50_middle50_bottom50/rugged/bottom50/1245060789613459569_1913342909.jpg,user/cocacola/1245060789613459569_1913342909.jpg,https://brandperception.s3.amazonaws.com/imagenet_eval_top50_middle50_bottom50/rugged/,0.737382611938566,,1.5e-05,bottom50
2404041800,finalized,20,7/31/2019 22:15:38,no,1.0,welchs,official,12543216_1654550514809592_2113481389_n.jpg,https://brandperception.s3.amazonaws.com/imagenet_eval_top50_middle50_bottom50/rugged/bottom50/12543216_1654550514809592_2113481389_n.jpg,official/welchs/12543216_1654550514809592_2113481389_n.jpg,https://brandperception.s3.amazonaws.com/imagenet_eval_top50_middle50_bottom50/rugged/,0.7568409150056645,,1.7e-05,bottom50
2404041801,finalized,20,7/31/2019 21:47:13,yes,0.7721,levis,official,11334652_1570300336569610_1086638893_n.jpg,https://brandperception.s3.amazonaws.com/imagenet_eval_top50_middle50_bottom50/rugged/top50/11334652_1570300336569610_1086638893_n.jpg,official/levis/11334652_1570300336569610_1086638893_n.jpg,https://brandperception.s3.amazonaws.com/imagenet_eval_top50_middle50_bottom50/rugged/,0.7569284233804511,,0.989742,top50
2404041802,finalized,20,7/31/2019 21:47:13,no,1.0,sanpellegrino,user,1245157652541092303_465726163.jpg,https://brandperception.s3.amazonaws.com/imagenet_eval_top50_middle50_bottom50/rugged/bottom50/1245157652541092303_465726163.jpg,user/sanpellegrino/1245157652541092303_465726163.jpg,https://brandperception.s3.amazonaws.com/imagenet_eval_top50_middle50_bottom50/rugged/,0.7653594815491588,,7.0e-06,bottom50
2404041803,finalized,20,7/31/2019 21:36:45,yes,0.6405,eddiebauer,official,13267509_101594033599526_1023159436_n.jpg,https://brandperception.s3.amazonaws.com/imagenet_eval_top50_middle50_bottom50/rugged/top50/13267509_101594033599526_1023159436_n.jpg,official/eddiebauer/13267509_101594033599526_1023159436_n.jpg,https://brandperception.s3.amazonaws.com/imagenet_eval_top50_middle50_bottom50/rugged/,0.7777040693556647,,0.998596,top50
2404041804,finalized,20,7/31/2019 21:36:45,no,1.0,tazo,user,1209426983763814849_218650233.jpg,https://brandperception.s3.amazonaws.com/imagenet_eval_top50_middle50_bottom50/rugged/bottom50/1209426983763814849_218650233.jpg,user/tazo/1209426983763814849_218650233.jpg,https://brandperception.s3.amazonaws.com/imagenet_eval_top50_middle50_bottom50/rugged/,0.780635465398787,,2.2e-05,bottom50
2404041805,finalized,20,7/31/2019 22:42:29,no,0.8955,juicycouture,official,11111517_1628027230759993_1304514477_n.jpg,https://brandperception.s3.amazonaws.com/imagenet_eval_top50_middle50_bottom50/rugged/middle50/11111517_1628027230759993_1304514477_n.jpg,official/juicycouture/11111517_1628027230759993_1304514477_n.jpg,https://brandperception.s3.amazonaws.com/imagenet_eval_top50_middle50_bottom50/rugged/,0.7806395381834406,,0.498951,middle50
2404041806,finalized,20,7/31/2019 21:50:09,no,0.5985,levis,official,10549913_780654332001864_1863863454_n.jpg,https://brandperception.s3.amazonaws.com/imagenet_eval_top50_middle50_bottom50/rugged/middle50/10549913_780654332001864_1863863454_n.jpg,official/levis/10549913_780654332001864_1863863454_n.jpg,https://brandperception.s3.amazonaws.com/imagenet_eval_top50_middle50_bottom50/rugged/,0.7895031986406529,,0.500676,middle50
2404041807,finalized,20,7/31/2019 21:36:45,no,0.959,welchs,user,1214101529634497185_15252007.jpg,https://brandperception.s3.amazonaws.com/imagenet_eval_top50_middle50_bottom50/rugged/bottom50/1214101529634497185_15252007.jpg,user/welchs/1214101529634497185_15252007.jpg,https://brandperception.s3.amazonaws.com/imagenet_eval_top50_middle50_bottom50/rugged/,0.8013013057999259,,1.1e-05,bottom50
2404041808,finalized,20,7/31/2019 21:46:18,yes,0.8337,tazo,user,1211073986492870415_1321912026.jpg,https://brandperception.s3.amazonaws.com/imagenet_eval_top50_middle50_bottom50/rugged/top50/1211073986492870415_1321912026.jpg,user/tazo/1211073986492870415_1321912026.jpg,https://brandperception.s3.amazonaws.com/imagenet_eval_top50_middle50_bottom50/rugged/,0.8039773372792256,,0.980901,top50
2404041809,finalized,20,7/31/2019 22:15:38,yes,0.8708,monsterenergy,official,10953315_1387434281563277_133290604_n.jpg,https://brandperception.s3.amazonaws.com/imagenet_eval_top50_middle50_bottom50/rugged/top50/10953315_1387434281563277_133290604_n.jpg,official/monsterenergy/10953315_1387434281563277_133290604_n.jpg,https://brandperception.s3.amazonaws.com/imagenet_eval_top50_middle50_bottom50/rugged/,0.8135548403637862,,0.97648,top50
2404041810,finalized,20,7/31/2019 22:42:29,yes,0.7141,gatorade,user,1240225635214497424_1313309804.jpg,https://brandperception.s3.amazonaws.com/imagenet_eval_top50_middle50_bottom50/rugged/middle50/1240225635214497424_1313309804.jpg,user/gatorade/1240225635214497424_1313309804.jpg,https://brandperception.s3.amazonaws.com/imagenet_eval_top50_middle50_bottom50/rugged/,0.8156593183224791,,0.500816,middle50
2404041811,finalized,20,7/31/2019 22:15:38,yes,0.7819,eddiebauer,official,10817538_1519286035007900_1544157825_n.jpg,https://brandperception.s3.amazonaws.com/imagenet_eval_top50_middle50_bottom50/rugged/top50/10817538_1519286035007900_1544157825_n.jpg,official/eddiebauer/10817538_1519286035007900_1544157825_n.jpg,https://brandperception.s3.amazonaws.com/imagenet_eval_top50_middle50_bottom50/rugged/,0.8295590087608581,,0.992537,top50
2404041812,finalized,20,7/31/2019 22:15:38,no,1.0,sanpellegrino,user,1241338146575290928_192624291.jpg,https://brandperception.s3.amazonaws.com/imagenet_eval_top50_middle50_bottom50/rugged/bottom50/1241338146575290928_192624291.jpg,user/sanpellegrino/1241338146575290928_192624291.jpg,https://brandperception.s3.amazonaws.com/imagenet_eval_top50_middle50_bottom50/rugged/,0.8420208638830297,,1.7e-05,bottom50
2404041813,finalized,20,7/31/2019 21:47:13,yes,0.8302,llbean,official,11925899_977065465689383_16450328_n.jpg,https://brandperception.s3.amazonaws.com/imagenet_eval_top50_middle50_bottom50/rugged/middle50/11925899_977065465689383_16450328_n.jpg,official/llbean/11925899_977065465689383_16450328_n.jpg,https://brandperception.s3.amazonaws.com/imagenet_eval_top50_middle50_bottom50/rugged/,0.8442446588662675,,0.500583,middle50
2404041814,finalized,20,7/31/2019 22:15:38,yes,0.864,eddiebauer,official,10616952_845716138878500_1886902151_n.jpg,https://brandperception.s3.amazonaws.com/imagenet_eval_top50_middle50_bottom50/rugged/middle50/10616952_845716138878500_1886902151_n.jpg,official/eddiebauer/10616952_845716138878500_1886902151_n.jpg,https://brandperception.s3.amazonaws.com/imagenet_eval_top50_middle50_bottom50/rugged/,0.856851902384107,,0.500352,middle50
2404041815,finalized,20,7/31/2019 21:47:52,yes,0.8397,abercrombie,official,13739392_172117436537879_1701112570_n.jpg,https://brandperception.s3.amazonaws.com/imagenet_eval_top50_middle50_bottom50/rugged/top50/13739392_172117436537879_1701112570_n.jpg,official/abercrombie/13739392_172117436537879_1701112570_n.jpg,https://brandperception.s3.amazonaws.com/imagenet_eval_top50_middle50_bottom50/rugged/,0.8620534388276991,,0.990668,top50
2404041816,finalized,20,7/31/2019 21:47:52,no,0.9574,swissmiss,user,1215485257357616288_387705408.jpg,https://brandperception.s3.amazonaws.com/imagenet_eval_top50_middle50_bottom50/rugged/bottom50/1215485257357616288_387705408.jpg,user/swissmiss/1215485257357616288_387705408.jpg,https://brandperception.s3.amazonaws.com/imagenet_eval_top50_middle50_bottom50/rugged/,0.873722526134362,,2.3e-05,bottom50
2404041817,finalized,20,7/31/2019 22:42:29,no,0.7638,coorslight,user,1239483778661925922_2137645048.jpg,https://brandperception.s3.amazonaws.com/imagenet_eval_top50_middle50_bottom50/rugged/middle50/1239483778661925922_2137645048.jpg,user/coorslight/1239483778661925922_2137645048.jpg,https://brandperception.s3.amazonaws.com/imagenet_eval_top50_middle50_bottom50/rugged/,0.876593038384752,,0.500196,middle50
2404041818,finalized,20,7/31/2019 21:36:45,yes,0.6896,swissmiss,user,1202251432888552195_1592435433.jpg,https://brandperception.s3.amazonaws.com/imagenet_eval_top50_middle50_bottom50/rugged/top50/1202251432888552195_1592435433.jpg,user/swissmiss/1202251432888552195_1592435433.jpg,https://brandperception.s3.amazonaws.com/imagenet_eval_top50_middle50_bottom50/rugged/,0.8795462445580073,,0.992887,top50
2404041819,finalized,20,7/31/2019 21:36:45,no,0.9468,llbean,official,12424499_579542935532665_1749073543_n.jpg,https://brandperception.s3.amazonaws.com/imagenet_eval_top50_middle50_bottom50/rugged/middle50/12424499_579542935532665_1749073543_n.jpg,official/llbean/12424499_579542935532665_1749073543_n.jpg,https://brandperception.s3.amazonaws.com/imagenet_eval_top50_middle50_bottom50/rugged/,0.8868497364957307,,0.499752,middle50
2404041820,finalized,20,7/31/2019 21:47:13,no,0.9556,motts,user,938626665713288841_232730816.jpg,https://brandperception.s3.amazonaws.com/imagenet_eval_top50_middle50_bottom50/rugged/bottom50/938626665713288841_232730816.jpg,user/motts/938626665713288841_232730816.jpg,https://brandperception.s3.amazonaws.com/imagenet_eval_top50_middle50_bottom50/rugged/,0.8901878454442597,,2.2e-05,bottom50
2404041821,finalized,20,7/31/2019 22:15:38,no,1.0,minutemaid,user,1177750484499609918_2211852349.jpg,https://brandperception.s3.amazonaws.com/imagenet_eval_top50_middle50_bottom50/rugged/bottom50/1177750484499609918_2211852349.jpg,user/minutemaid/1177750484499609918_2211852349.jpg,https://brandperception.s3.amazonaws.com/imagenet_eval_top50_middle50_bottom50/rugged/,0.8902763921877026,,6.0e-06,bottom50
2404041822,finalized,20,7/31/2019 22:42:29,yes,0.7236,llbean,user,1244384973514562810_203457774.jpg,https://brandperception.s3.amazonaws.com/imagenet_eval_top50_middle50_bottom50/rugged/top50/1244384973514562810_203457774.jpg,user/llbean/1244384973514562810_203457774.jpg,https://brandperception.s3.amazonaws.com/imagenet_eval_top50_middle50_bottom50/rugged/,0.9097648234718393,,0.985461,top50
2404041823,finalized,20,7/31/2019 21:47:13,yes,0.8716,eddiebauer,official,13397662_1389437574403466_701410974_n.jpg,https://brandperception.s3.amazonaws.com/imagenet_eval_top50_middle50_bottom50/rugged/top50/13397662_1389437574403466_701410974_n.jpg,official/eddiebauer/13397662_1389437574403466_701410974_n.jpg,https://brandperception.s3.amazonaws.com/imagenet_eval_top50_middle50_bottom50/rugged/,0.9130203792836546,,0.985938,top50
2404041824,finalized,20,7/31/2019 21:47:13,yes,0.7833,eddiebauer,official,11191181_439724369568002_1502925667_n.jpg,https://brandperception.s3.amazonaws.com/imagenet_eval_top50_middle50_bottom50/rugged/top50/11191181_439724369568002_1502925667_n.jpg,official/eddiebauer/11191181_439724369568002_1502925667_n.jpg,https://brandperception.s3.amazonaws.com/imagenet_eval_top50_middle50_bottom50/rugged/,0.9138769932835047,,0.973167,top50
2404041825,finalized,20,7/31/2019 21:47:13,yes,0.7833,bigelow,user,1097803901202522960_970183511.jpg,https://brandperception.s3.amazonaws.com/imagenet_eval_top50_middle50_bottom50/rugged/top50/1097803901202522960_970183511.jpg,user/bigelow/1097803901202522960_970183511.jpg,https://brandperception.s3.amazonaws.com/imagenet_eval_top50_middle50_bottom50/rugged/,0.9194648296753549,,0.98743,top50
2404041826,finalized,20,7/31/2019 22:42:29,yes,0.5296,urbanoutfitters,official,11296717_1865211550371609_646031866_n.jpg,https://brandperception.s3.amazonaws.com/imagenet_eval_top50_middle50_bottom50/rugged/top50/11296717_1865211550371609_646031866_n.jpg,official/urbanoutfitters/11296717_1865211550371609_646031866_n.jpg,https://brandperception.s3.amazonaws.com/imagenet_eval_top50_middle50_bottom50/rugged/,0.9215478058492172,,0.987003,top50
2404041827,finalized,20,7/31/2019 21:36:45,yes,0.6896,eddiebauer,official,13269580_1010731385688779_1676778595_n.jpg,https://brandperception.s3.amazonaws.com/imagenet_eval_top50_middle50_bottom50/rugged/top50/13269580_1010731385688779_1676778595_n.jpg,official/eddiebauer/13269580_1010731385688779_1676778595_n.jpg,https://brandperception.s3.amazonaws.com/imagenet_eval_top50_middle50_bottom50/rugged/,0.9330671546776675,,0.991011,top50
2404041828,finalized,20,7/31/2019 21:47:13,no,0.8984,welchs,user,1136189659989482640_1551217374.jpg,https://brandperception.s3.amazonaws.com/imagenet_eval_top50_middle50_bottom50/rugged/bottom50/1136189659989482640_1551217374.jpg,user/welchs/1136189659989482640_1551217374.jpg,https://brandperception.s3.amazonaws.com/imagenet_eval_top50_middle50_bottom50/rugged/,0.9423234224185933,,9.0e-06,bottom50
2404041829,finalized,20,7/31/2019 21:36:45,no,0.959,sanpellegrino,user,1236106944075455959_22430182.jpg,https://brandperception.s3.amazonaws.com/imagenet_eval_top50_middle50_bottom50/rugged/bottom50/1236106944075455959_22430182.jpg,user/sanpellegrino/1236106944075455959_22430182.jpg,https://brandperception.s3.amazonaws.com/imagenet_eval_top50_middle50_bottom50/rugged/,0.9464898637089234,,1.4e-05,bottom50
2404041830,finalized,20,7/31/2019 22:15:38,no,1.0,korbel,user,992177183758432231_1268132764.jpg,https://brandperception.s3.amazonaws.com/imagenet_eval_top50_middle50_bottom50/rugged/bottom50/992177183758432231_1268132764.jpg,user/korbel/992177183758432231_1268132764.jpg,https://brandperception.s3.amazonaws.com/imagenet_eval_top50_middle50_bottom50/rugged/,0.9490974443438557,,1.5e-05,bottom50
2404041831,finalized,20,7/31/2019 21:47:13,yes,0.8247,eddiebauer,official,12502056_557027677793445_2045327763_n.jpg,https://brandperception.s3.amazonaws.com/imagenet_eval_top50_middle50_bottom50/rugged/top50/12502056_557027677793445_2045327763_n.jpg,official/eddiebauer/12502056_557027677793445_2045327763_n.jpg,https://brandperception.s3.amazonaws.com/imagenet_eval_top50_middle50_bottom50/rugged/,0.9582836489763881,,0.994661,top50
2404041832,finalized,20,7/31/2019 21:46:18,no,0.8745,gatorade,user,1240149037407174838_346033231.jpg,https://brandperception.s3.amazonaws.com/imagenet_eval_top50_middle50_bottom50/rugged/middle50/1240149037407174838_346033231.jpg,user/gatorade/1240149037407174838_346033231.jpg,https://brandperception.s3.amazonaws.com/imagenet_eval_top50_middle50_bottom50/rugged/,0.9743150837000396,,0.499464,middle50
2404041833,finalized,20,7/31/2019 22:15:38,yes,0.7819,eddiebauer,official,12142151_1636383456627988_1700666281_n.jpg,https://brandperception.s3.amazonaws.com/imagenet_eval_top50_middle50_bottom50/rugged/top50/12142151_1636383456627988_1700666281_n.jpg,official/eddiebauer/12142151_1636383456627988_1700666281_n.jpg,https://brandperception.s3.amazonaws.com/imagenet_eval_top50_middle50_bottom50/rugged/,0.9814291922739553,,0.974162,top50
2404041834,finalized,20,7/31/2019 22:15:38,yes,0.5597,dolcegabbana,official,13721276_1082949678451875_1748287275_n.jpg,https://brandperception.s3.amazonaws.com/imagenet_eval_top50_middle50_bottom50/rugged/top50/13721276_1082949678451875_1748287275_n.jpg,official/dolcegabbana/13721276_1082949678451875_1748287275_n.jpg,https://brandperception.s3.amazonaws.com/imagenet_eval_top50_middle50_bottom50/rugged/,0.9919795749474466,,0.976052,top50
